Vehicle_ID,LicensePlate,Model,Driver_ID,VehicleType
v1001001,ETV-7785,Scania R450,d1002042,Truck
v1001002,LGQ-7556,Renault Master,d1002542,Van
v1001003,BQJ-5772,Toyota Hilux,d1002002,Car
v1001004,RTU-4906,Hyundai HR,d1002889,Truck
v1001005,HOA-9432,Volvo FH,d1001588,Truck
v1001006,THT-6240,Toyota Hilux,d1001119,Car
v1001007,JNW-1633,Mercedes Sprinter,d1002201,Van
v1001008,ABY-6919,Renault Master,d1002466,Van
v1001009,CNL-8732,Toyota Hilux,d1001484,Car
v1001010,VIA-8946,Iveco Daily,d1001574,Truck
v1001011,SCF-9561,Mercedes Sprinter,d1002351,Van
v1001012,ZQP-7276,Toyota Hilux,d1001895,Car
v1001013,IKC-7949,VW Saveiro,d1002646,Car
v1001014,QPS-1089,VW Saveiro,d1001300,Car
v1001015,QSA-9624,Toyota Hilux,d1001282,Car
v1001016,TQL-0427,Hyundai HR,d1002999,Truck
v1001017,ZJL-0568,VW Delivery,d1002938,Truck
v1001018,TTI-2996,VW Delivery,d1002138,Truck
v1001019,CER-8748,Hyundai HR,d1001908,Truck
v1001020,EQS-3353,VW Delivery,d1002435,Truck
v1001021,EGD-8091,Volvo FH,d1001423,Truck
v1001022,MBL-7824,Volvo FH,d1001305,Truck
v1001023,WQZ-8182,Fiat Uno,d1001769,Car
v1001024,IAP-7439,Volvo FH,d1002932,Truck
v1001025,VJW-4141,Scania R450,d1002634,Truck
v1001026,BRY-1891,Renault Master,d1001128,Van
v1001027,RRR-0461,Renault Master,d1001676,Van
v1001028,ISB-0710,Volvo FH,d1001346,Truck
v1001029,DSW-7884,Iveco Daily,d1001321,Truck
v1001030,ELF-2060,Hyundai HR,d1002278,Truck
v1001031,VOV-6373,VW Saveiro,d1001169,Car
v1001032,JFF-6379,Iveco Daily,d1002314,Truck
v1001033,KZJ-9102,Hyundai HR,d1001329,Truck
v1001034,MQM-9661,Fiat Uno,d1001804,Car
v1001035,ZCW-1008,Fiat Uno,d1001414,Car
v1001036,RRJ-9733,Volvo FH,d1001141,Truck
v1001037,LCQ-6155,Mercedes Sprinter,d1002276,Van
v1001038,LCD-9987,Hyundai HR,d1002735,Truck
v1001039,MXK-3951,Toyota Hilux,d1001776,Car
v1001040,VGC-4830,Hyundai HR,d1002284,Truck
v1001041,TTN-5041,Hyundai HR,d1001758,Truck
v1001042,GTO-2340,Toyota Hilux,d1001235,Car
v1001043,VZD-4656,Iveco Daily,d1002672,Truck
v1001044,VCI-4485,VW Saveiro,d1002691,Car
v1001045,KKJ-8652,VW Delivery,d1002828,Truck
v1001046,PSW-1154,Renault Master,d1001967,Van
v1001047,ACA-6174,VW Delivery,d1001888,Truck
v1001048,CST-2516,Toyota Hilux,d1002152,Car
v1001049,KTV-7243,Volvo FH,d1002946,Truck
v1001050,ULL-6916,Volvo FH,d1001021,Truck
v1001051,CXY-6877,Renault Master,d1002075,Van
v1001052,DDE-5463,Hyundai HR,d1001913,Truck
v1001053,KHH-2860,Fiat Uno,d1002604,Car
v1001054,IDZ-8458,Volvo FH,d1002297,Truck
v1001055,SWA-7474,Hyundai HR,d1001493,Truck
v1001056,HEI-7143,Volvo FH,d1001029,Truck
v1001057,XYW-2933,Mercedes Sprinter,d1002772,Van
v1001058,FWY-6036,Volvo FH,d1001159,Truck
v1001059,DNV-5830,Mercedes Sprinter,d1002706,Van
v1001060,KSK-7864,Hyundai HR,d1002449,Truck
v1001061,MGI-3453,Iveco Daily,d1001265,Truck
v1001062,UMS-9505,Renault Master,d1002424,Van
v1001063,LGM-6587,Hyundai HR,d1002188,Truck
v1001064,DRY-5463,Toyota Hilux,d1001614,Car
v1001065,FOR-9322,Scania R450,d1001671,Truck
v1001066,QKG-2506,Fiat Uno,d1002451,Car
v1001067,ONS-0569,Scania R450,d1001506,Truck
v1001068,HMB-3224,Volvo FH,d1001498,Truck
v1001069,TLE-0234,Toyota Hilux,d1002997,Car
v1001070,BOX-4607,VW Delivery,d1001701,Truck
v1001071,PXC-8318,VW Delivery,d1002446,Truck
v1001072,TYJ-8116,Mercedes Sprinter,d1001278,Van
v1001073,IYT-1171,Fiat Uno,d1002054,Car
v1001074,WAY-9214,Renault Master,d1001438,Van
v1001075,LAT-3907,Iveco Daily,d1001823,Truck
v1001076,YZP-5087,Renault Master,d1001853,Van
v1001077,MYS-7124,Fiat Uno,d1002291,Car
v1001078,DVK-0467,Toyota Hilux,d1001935,Car
v1001079,EIX-0077,Volvo FH,d1002245,Truck
v1001080,TIM-9554,VW Saveiro,d1002052,Car
v1001081,ICX-7123,Hyundai HR,d1001401,Truck
v1001082,KRU-3088,Iveco Daily,d1002017,Truck
v1001083,HAQ-2086,Volvo FH,d1002264,Truck
v1001084,VYV-7310,Toyota Hilux,d1001835,Car
v1001085,GKF-7068,Scania R450,d1002880,Truck
v1001086,AWW-2324,Volvo FH,d1002168,Truck
v1001087,YNU-4655,Fiat Uno,d1002977,Car
v1001088,GCO-1081,Toyota Hilux,d1001808,Car
v1001089,HBX-5090,Hyundai HR,d1001104,Truck
v1001090,ARS-2552,Fiat Uno,d1002370,Car
v1001091,THQ-7921,Iveco Daily,d1002080,Truck
v1001092,ACM-8345,VW Saveiro,d1001172,Car
v1001093,PEA-0623,Mercedes Sprinter,d1002445,Van
v1001094,GVU-1548,Fiat Uno,d1002075,Car
v1001095,HUW-3950,Iveco Daily,d1002422,Truck
v1001096,VEM-1393,Hyundai HR,d1002312,Truck
v1001097,XEH-8072,Iveco Daily,d1001443,Truck
v1001098,QGE-8507,VW Saveiro,d1001359,Car
v1001099,UXM-8093,VW Saveiro,d1002462,Car
v1001100,IID-8972,Iveco Daily,d1001783,Truck
v1001101,DKA-3242,Volvo FH,d1002452,Truck
v1001102,PTG-5919,Iveco Daily,d1001131,Truck
v1001103,SIM-7917,Toyota Hilux,d1001136,Car
v1001104,ZFY-3286,Fiat Uno,d1001870,Car
v1001105,BZJ-1303,Hyundai HR,d1002204,Truck
v1001106,CCS-3809,Fiat Uno,d1001273,Car
v1001107,SCX-5695,VW Delivery,d1001698,Truck
v1001108,GYK-2454,VW Delivery,d1001926,Truck
v1001109,KRR-9064,VW Saveiro,d1001188,Car
v1001110,UIX-9583,VW Delivery,d1001057,Truck
v1001111,XPS-9527,Fiat Uno,d1001131,Car
v1001112,YMZ-8747,Volvo FH,d1001431,Truck
v1001113,DKI-6060,Fiat Uno,d1001150,Car
v1001114,CTQ-0386,VW Delivery,d1001592,Truck
v1001115,WRY-7611,Scania R450,d1001964,Truck
v1001116,HBW-6878,Renault Master,d1001820,Van
v1001117,QOZ-8823,Iveco Daily,d1001655,Truck
v1001118,OGB-4682,VW Delivery,d1001346,Truck
v1001119,EIL-6484,Toyota Hilux,d1001481,Car
v1001120,DNV-8250,Mercedes Sprinter,d1002794,Van
v1001121,CPV-7966,Iveco Daily,d1002883,Truck
v1001122,GOX-4754,Hyundai HR,d1001724,Truck
v1001123,MSS-8810,Volvo FH,d1001930,Truck
v1001124,SEJ-8436,Scania R450,d1001768,Truck
v1001125,EBG-2630,Scania R450,d1002113,Truck
v1001126,CWJ-0628,VW Saveiro,d1001658,Car
v1001127,IPT-4914,Renault Master,d1002665,Van
v1001128,CXF-7494,Hyundai HR,d1001532,Truck
v1001129,KRZ-3183,Scania R450,d1002105,Truck
v1001130,QLF-0685,Hyundai HR,d1002895,Truck
v1001131,UQF-6334,Mercedes Sprinter,d1001604,Van
v1001132,OYO-8455,VW Saveiro,d1002079,Car
v1001133,VIQ-0161,Volvo FH,d1002359,Truck
v1001134,RAR-7950,Toyota Hilux,d1001721,Car
v1001135,QWG-7799,Toyota Hilux,d1002144,Car
v1001136,NXT-4264,Iveco Daily,d1001699,Truck
v1001137,QAG-4645,Volvo FH,d1001477,Truck
v1001138,QMH-7901,Volvo FH,d1002159,Truck
v1001139,DQL-8249,Toyota Hilux,d1001457,Car
v1001140,RAW-7879,Toyota Hilux,d1002784,Car
v1001141,JRH-2988,Volvo FH,d1001843,Truck
v1001142,CAG-5657,VW Saveiro,d1002434,Car
v1001143,OHQ-5119,Mercedes Sprinter,d1001477,Van
v1001144,EIB-4283,Fiat Uno,d1002121,Car
v1001145,CGG-7728,Volvo FH,d1001133,Truck
v1001146,CBZ-4011,Scania R450,d1001659,Truck
v1001147,QVP-2654,Renault Master,d1002601,Van
v1001148,WCB-3877,Scania R450,d1002696,Truck
v1001149,VZE-5158,Renault Master,d1001379,Van
v1001150,HVQ-8465,Mercedes Sprinter,d1001454,Van
v1001151,RNL-2659,Hyundai HR,d1002252,Truck
v1001152,TRY-7722,Mercedes Sprinter,d1001597,Van
v1001153,TQV-0456,Fiat Uno,d1001891,Car
v1001154,EJU-7516,Scania R450,d1002597,Truck
v1001155,PAA-7901,Iveco Daily,d1002098,Truck
v1001156,LSZ-0132,Mercedes Sprinter,d1001658,Van
v1001157,AOQ-6595,Scania R450,d1002895,Truck
v1001158,DBX-2147,Mercedes Sprinter,d1002172,Van
v1001159,BAM-9832,VW Saveiro,d1002048,Car
v1001160,TYJ-7401,Scania R450,d1001798,Truck
v1001161,MTV-1504,Renault Master,d1002384,Van
v1001162,RWO-3643,Renault Master,d1002870,Van
v1001163,QOX-7707,VW Saveiro,d1002205,Car
v1001164,UNZ-6609,VW Saveiro,d1002620,Car
v1001165,EJF-2890,Renault Master,d1001466,Van
v1001166,VFK-3299,Volvo FH,d1002888,Truck
v1001167,ONN-3571,Hyundai HR,d1002862,Truck
v1001168,AGP-3794,Volvo FH,d1002602,Truck
v1001169,IXX-6134,Toyota Hilux,d1002441,Car
v1001170,KNH-6162,Volvo FH,d1002343,Truck
v1001171,DUG-7632,Hyundai HR,d1001872,Truck
v1001172,INE-2525,Hyundai HR,d1002690,Truck
v1001173,RCR-8890,Toyota Hilux,d1001931,Car
v1001174,FFJ-1774,Scania R450,d1001513,Truck
v1001175,KEY-0829,Scania R450,d1001958,Truck
v1001176,MSP-8328,Mercedes Sprinter,d1001839,Van
v1001177,OOS-9006,Fiat Uno,d1001190,Car
v1001178,GAN-3361,Scania R450,d1001573,Truck
v1001179,CGX-8211,Mercedes Sprinter,d1001169,Van
v1001180,GOZ-0474,Toyota Hilux,d1002138,Car
v1001181,RKB-1276,Fiat Uno,d1002259,Car
v1001182,LVB-8954,Iveco Daily,d1002250,Truck
v1001183,IDW-0380,Fiat Uno,d1002100,Car
v1001184,YYH-6852,Renault Master,d1002712,Van
v1001185,HAJ-0838,VW Delivery,d1002133,Truck
v1001186,OWE-9345,Volvo FH,d1001046,Truck
v1001187,OBN-0436,Renault Master,d1001482,Van
v1001188,OSS-0113,Volvo FH,d1001143,Truck
v1001189,IWH-6416,Volvo FH,d1001118,Truck
v1001190,BIR-7721,Fiat Uno,d1001819,Car
v1001191,OOI-1324,Hyundai HR,d1002466,Truck
v1001192,XEX-8785,Mercedes Sprinter,d1001039,Van
v1001193,COH-3036,Iveco Daily,d1001468,Truck
v1001194,JMV-6419,VW Delivery,d1001681,Truck
v1001195,TGY-0258,Iveco Daily,d1002471,Truck
v1001196,SZT-6932,VW Delivery,d1002041,Truck
v1001197,KZF-8689,Scania R450,d1002783,Truck
v1001198,NIB-4725,Volvo FH,d1001548,Truck
v1001199,XTC-4541,Volvo FH,d1002913,Truck
v1001200,XSV-8910,Renault Master,d1002396,Van
v1001201,IRN-9691,Fiat Uno,d1002478,Car
v1001202,OIN-9462,Volvo FH,d1001649,Truck
v1001203,LBU-6766,Fiat Uno,d1002608,Car
v1001204,RSP-3254,Renault Master,d1001478,Van
v1001205,PGN-0791,Mercedes Sprinter,d1001565,Van
v1001206,EIS-3950,Scania R450,d1001707,Truck
v1001207,GJQ-3087,Fiat Uno,d1002481,Car
v1001208,GME-9027,Renault Master,d1001660,Van
v1001209,BBR-5320,Hyundai HR,d1001724,Truck
v1001210,WCB-4660,Mercedes Sprinter,d1002551,Van
v1001211,RSJ-1922,VW Saveiro,d1001410,Car
v1001212,CNB-5382,Scania R450,d1001946,Truck
v1001213,ZES-0955,VW Saveiro,d1002991,Car
v1001214,JHN-6385,VW Delivery,d1002657,Truck
v1001215,SMV-8307,Scania R450,d1001065,Truck
v1001216,VLV-4829,Fiat Uno,d1001918,Car
v1001217,MHZ-7646,Scania R450,d1001022,Truck
v1001218,SQK-0601,Fiat Uno,d1002833,Car
v1001219,ZRI-5249,Fiat Uno,d1002220,Car
v1001220,OBT-9409,Renault Master,d1002844,Van
v1001221,WXA-7033,Mercedes Sprinter,d1001897,Van
v1001222,HDW-8646,Mercedes Sprinter,d1001395,Van
v1001223,UDG-6118,Toyota Hilux,d1002278,Car
v1001224,ISK-2807,Mercedes Sprinter,d1001622,Van
v1001225,NIP-9344,Fiat Uno,d1001571,Car
v1001226,SWA-4162,Toyota Hilux,d1001787,Car
v1001227,DCI-6474,Mercedes Sprinter,d1001379,Van
v1001228,CNG-2630,Renault Master,d1001336,Van
v1001229,BPL-3268,Toyota Hilux,d1001247,Car
v1001230,GQP-7466,Mercedes Sprinter,d1001841,Van
v1001231,UHW-9544,VW Saveiro,d1001985,Car
v1001232,GDO-7622,VW Delivery,d1001144,Truck
v1001233,FMK-3108,Volvo FH,d1002829,Truck
v1001234,FQK-6942,VW Delivery,d1002071,Truck
v1001235,GYM-9990,Toyota Hilux,d1001137,Car
v1001236,OCG-5948,Mercedes Sprinter,d1002941,Van
v1001237,VDU-8098,Fiat Uno,d1002055,Car
v1001238,AMT-2031,Volvo FH,d1002400,Truck
v1001239,PRZ-0590,Renault Master,d1001757,Van
v1001240,RSP-3889,Volvo FH,d1002645,Truck
v1001241,UYY-0086,VW Saveiro,d1002625,Car
v1001242,HDO-1581,Iveco Daily,d1001649,Truck
v1001243,WTP-8422,Iveco Daily,d1001252,Truck
v1001244,BWS-4591,VW Delivery,d1002095,Truck
v1001245,MOH-4267,Hyundai HR,d1001359,Truck
v1001246,FMF-7014,Mercedes Sprinter,d1002953,Van
v1001247,KYQ-2808,Mercedes Sprinter,d1002369,Van
v1001248,CVS-6282,Hyundai HR,d1002825,Truck
v1001249,KWS-5877,Renault Master,d1002487,Van
v1001250,EIH-4915,VW Saveiro,d1002146,Car
v1001251,KWI-4097,VW Delivery,d1002905,Truck
v1001252,ZYN-3647,Hyundai HR,d1002730,Truck
v1001253,DWL-1032,Toyota Hilux,d1002874,Car
v1001254,ILE-4823,Iveco Daily,d1002640,Truck
v1001255,TMG-7036,Toyota Hilux,d1001708,Car
v1001256,VSN-4528,VW Delivery,d1002193,Truck
v1001257,SDD-8689,Fiat Uno,d1002963,Car
v1001258,IRR-3627,Fiat Uno,d1002320,Car
v1001259,RHM-5402,Iveco Daily,d1001998,Truck
v1001260,BLV-4119,VW Delivery,d1001091,Truck
v1001261,MNC-6649,Iveco Daily,d1001447,Truck
v1001262,ZLB-6107,VW Delivery,d1002419,Truck
v1001263,OVE-1830,Toyota Hilux,d1001368,Car
v1001264,GOU-2410,VW Saveiro,d1002969,Car
v1001265,GAQ-8357,Mercedes Sprinter,d1002690,Van
v1001266,YHQ-0615,Hyundai HR,d1002132,Truck
v1001267,HOA-2668,Fiat Uno,d1002685,Car
v1001268,MSR-4868,Hyundai HR,d1002486,Truck
v1001269,YZP-3778,Volvo FH,d1001080,Truck
v1001270,AJV-5917,VW Saveiro,d1002571,Car
v1001271,MNI-3823,Iveco Daily,d1002340,Truck
v1001272,IRI-5242,VW Delivery,d1001648,Truck
v1001273,XXQ-6317,Volvo FH,d1001995,Truck
v1001274,IML-7918,Volvo FH,d1001433,Truck
v1001275,GUC-4198,VW Delivery,d1002140,Truck
v1001276,VDP-1993,Volvo FH,d1001480,Truck
v1001277,ODB-5713,Fiat Uno,d1002343,Car
v1001278,DRS-5369,VW Delivery,d1001063,Truck
v1001279,SCD-5066,VW Delivery,d1002834,Truck
v1001280,JNB-0761,Volvo FH,d1002975,Truck
v1001281,NHK-9855,Hyundai HR,d1002445,Truck
v1001282,WUN-9383,Fiat Uno,d1002463,Car
v1001283,KBR-5521,Hyundai HR,d1002468,Truck
v1001284,UJK-7436,VW Delivery,d1002220,Truck
v1001285,UPT-7861,Hyundai HR,d1001486,Truck
v1001286,VOG-2290,Scania R450,d1001608,Truck
v1001287,EZT-7016,Toyota Hilux,d1001501,Car
v1001288,RJC-2730,Hyundai HR,d1001190,Truck
v1001289,HOC-3673,Iveco Daily,d1002796,Truck
v1001290,WNQ-8795,Iveco Daily,d1001641,Truck
v1001291,JHS-7978,VW Delivery,d1002519,Truck
v1001292,IAO-5855,Scania R450,d1001492,Truck
v1001293,SST-4891,Toyota Hilux,d1001625,Car
v1001294,JOO-2766,Toyota Hilux,d1002353,Car
v1001295,LQH-6893,Scania R450,d1002149,Truck
v1001296,EZU-8053,Toyota Hilux,d1002362,Car
v1001297,UPM-5594,Renault Master,d1002919,Van
v1001298,FJL-2242,Hyundai HR,d1002572,Truck
v1001299,ZMT-2127,VW Saveiro,d1001251,Car
v1001300,FNB-1716,Renault Master,d1002949,Van
v1001301,WSN-4355,Volvo FH,d1002195,Truck
v1001302,IRC-6154,Fiat Uno,d1001438,Car
v1001303,GLO-4356,Iveco Daily,d1002545,Truck
v1001304,PLF-1625,Fiat Uno,d1002169,Car
v1001305,YIG-1424,Mercedes Sprinter,d1001867,Van
v1001306,LIF-1721,Hyundai HR,d1002383,Truck
v1001307,PNT-6753,Volvo FH,d1001738,Truck
v1001308,OMB-9877,Renault Master,d1001742,Van
v1001309,LPG-5035,VW Saveiro,d1002510,Car
v1001310,IBC-7699,VW Saveiro,d1001597,Car
v1001311,YEK-9627,VW Delivery,d1001569,Truck
v1001312,SDZ-6355,Mercedes Sprinter,d1002502,Van
v1001313,JSO-9283,Mercedes Sprinter,d1001091,Van
v1001314,GTF-2408,VW Delivery,d1001802,Truck
v1001315,IUG-2763,Toyota Hilux,d1002882,Car
v1001316,RKL-6358,Volvo FH,d1002503,Truck
v1001317,FMR-2845,VW Delivery,d1001709,Truck
v1001318,LKG-0821,VW Saveiro,d1002284,Car
v1001319,JQH-9229,VW Saveiro,d1001775,Car
v1001320,HEQ-2435,Renault Master,d1001648,Van
v1001321,BHF-9159,Fiat Uno,d1001453,Car
v1001322,SKZ-1284,Toyota Hilux,d1001691,Car
v1001323,FAO-9781,Renault Master,d1002112,Van
v1001324,YAI-0243,Toyota Hilux,d1002379,Car
v1001325,BXU-5264,Toyota Hilux,d1001885,Car
v1001326,JIS-5840,Scania R450,d1001920,Truck
v1001327,BWP-9792,Toyota Hilux,d1002985,Car
v1001328,VDS-5025,Renault Master,d1001492,Van
v1001329,TXV-3438,Hyundai HR,d1002003,Truck
v1001330,YLT-7338,Mercedes Sprinter,d1001293,Van
v1001331,UEW-8581,Fiat Uno,d1002191,Car
v1001332,XJI-4442,VW Saveiro,d1001845,Car
v1001333,AJN-6724,Mercedes Sprinter,d1002949,Van
v1001334,ZEY-6580,Renault Master,d1001797,Van
v1001335,LHC-6277,VW Delivery,d1001794,Truck
v1001336,AQN-3643,Iveco Daily,d1002779,Truck
v1001337,GTY-3789,Renault Master,d1002155,Van
v1001338,QWI-2515,Iveco Daily,d1001830,Truck
v1001339,MEW-1541,Toyota Hilux,d1001693,Car
v1001340,QBS-6989,Volvo FH,d1001025,Truck
v1001341,UNK-3688,Toyota Hilux,d1002769,Car
v1001342,ABW-5952,Toyota Hilux,d1002180,Car
v1001343,NBU-2220,VW Delivery,d1001781,Truck
v1001344,TUJ-8977,Hyundai HR,d1002649,Truck
v1001345,OEM-5379,VW Saveiro,d1001250,Car
v1001346,QTA-1794,VW Saveiro,d1001113,Car
v1001347,NKF-0076,Volvo FH,d1002864,Truck
v1001348,ISC-8096,Volvo FH,d1002020,Truck
v1001349,TQF-6384,Toyota Hilux,d1001582,Car
v1001350,OGV-8388,Mercedes Sprinter,d1002418,Van
v1001351,XZV-2785,Mercedes Sprinter,d1001968,Van
v1001352,QJT-5226,Mercedes Sprinter,d1002100,Van
v1001353,LJH-4851,Fiat Uno,d1001628,Car
v1001354,XTT-6648,VW Delivery,d1001048,Truck
v1001355,OVI-9990,Scania R450,d1002480,Truck
v1001356,WNF-2235,Toyota Hilux,d1002145,Car
v1001357,PNM-5031,Hyundai HR,d1001425,Truck
v1001358,ABD-7922,Scania R450,d1002541,Truck
v1001359,YKG-4207,Scania R450,d1001024,Truck
v1001360,XKX-4113,Scania R450,d1002030,Truck
v1001361,GUC-1776,Hyundai HR,d1002530,Truck
v1001362,SYQ-5188,Fiat Uno,d1002009,Car
v1001363,GDZ-0235,Hyundai HR,d1002833,Truck
v1001364,ZNW-0497,Fiat Uno,d1002678,Car
v1001365,ZNQ-6510,VW Delivery,d1001919,Truck
v1001366,ZRA-7358,Hyundai HR,d1002461,Truck
v1001367,UYY-2153,Scania R450,d1002181,Truck
v1001368,UHQ-6840,Toyota Hilux,d1002939,Car
v1001369,JHO-2429,Mercedes Sprinter,d1001272,Van
v1001370,KOP-5705,Iveco Daily,d1001672,Truck
v1001371,TJH-0246,Renault Master,d1002641,Van
v1001372,WSM-9507,Renault Master,d1001648,Van
v1001373,VAW-2987,Hyundai HR,d1001676,Truck
v1001374,GLS-5803,Iveco Daily,d1001509,Truck
v1001375,MEF-8618,VW Saveiro,d1002547,Car
v1001376,GYL-1163,Renault Master,d1002088,Van
v1001377,VRW-9661,Scania R450,d1002444,Truck
v1001378,XKX-6462,VW Delivery,d1001168,Truck
v1001379,DTB-2030,Volvo FH,d1001163,Truck
v1001380,GPX-0306,Fiat Uno,d1001192,Car
v1001381,VRD-8644,Fiat Uno,d1001846,Car
v1001382,BEF-8483,Toyota Hilux,d1002929,Car
v1001383,LWI-9326,Hyundai HR,d1001393,Truck
v1001384,GHA-8085,Mercedes Sprinter,d1001185,Van
v1001385,LTR-6437,Hyundai HR,d1002325,Truck
v1001386,XNF-3639,Iveco Daily,d1002647,Truck
v1001387,CBP-5041,Toyota Hilux,d1002276,Car
v1001388,NLV-5910,Iveco Daily,d1002491,Truck
v1001389,LOH-1906,Iveco Daily,d1001166,Truck
v1001390,TIL-3975,Volvo FH,d1002600,Truck
v1001391,MWL-7991,Fiat Uno,d1002407,Car
v1001392,GJS-6675,Toyota Hilux,d1001760,Car
v1001393,SOK-6710,Renault Master,d1001579,Van
v1001394,SJG-0880,Volvo FH,d1001945,Truck
v1001395,WJZ-3090,VW Delivery,d1002269,Truck
v1001396,QKV-1271,Iveco Daily,d1001610,Truck
v1001397,KDB-0619,Mercedes Sprinter,d1001061,Van
v1001398,NZQ-0580,Hyundai HR,d1001790,Truck
v1001399,DUA-0379,VW Delivery,d1001660,Truck
v1001400,DVY-8030,Volvo FH,d1002460,Truck
v1001401,LME-4201,Scania R450,d1002516,Truck
v1001402,WQT-9196,Renault Master,d1001865,Van
v1001403,SPI-2039,Toyota Hilux,d1002305,Car
v1001404,JGO-5126,Volvo FH,d1002564,Truck
v1001405,RUR-7610,Volvo FH,d1002919,Truck
v1001406,ATU-6991,VW Saveiro,d1002835,Car
v1001407,GKU-2173,VW Saveiro,d1001764,Car
v1001408,FKB-6310,Scania R450,d1001484,Truck
v1001409,VAZ-8663,Volvo FH,d1002587,Truck
v1001410,SUM-0067,Mercedes Sprinter,d1001021,Van
v1001411,RDS-5533,Hyundai HR,d1001889,Truck
v1001412,UGV-1562,VW Saveiro,d1001834,Car
v1001413,PJK-4886,Mercedes Sprinter,d1001826,Van
v1001414,RUM-7441,Toyota Hilux,d1002235,Car
v1001415,BHY-9765,Hyundai HR,d1002167,Truck
v1001416,MWC-8832,Mercedes Sprinter,d1002110,Van
v1001417,QRL-1393,Renault Master,d1002976,Van
v1001418,VVT-8668,VW Saveiro,d1001959,Car
v1001419,VIC-5490,VW Delivery,d1002148,Truck
v1001420,VXV-2978,Scania R450,d1001454,Truck
v1001421,EGL-8713,Iveco Daily,d1002538,Truck
v1001422,AYR-6517,VW Delivery,d1001374,Truck
v1001423,QIK-9591,VW Delivery,d1001945,Truck
v1001424,OMN-7225,VW Delivery,d1001766,Truck
v1001425,CHB-2558,Fiat Uno,d1002640,Car
v1001426,XOK-8433,VW Saveiro,d1002779,Car
v1001427,TTJ-5626,Mercedes Sprinter,d1002570,Van
v1001428,BQW-3592,Scania R450,d1002004,Truck
v1001429,JQZ-3489,Hyundai HR,d1001728,Truck
v1001430,MTP-2266,Fiat Uno,d1002679,Car
v1001431,CRX-8128,VW Saveiro,d1001818,Car
v1001432,FOG-8085,Iveco Daily,d1002755,Truck
v1001433,XVV-8754,Hyundai HR,d1001958,Truck
v1001434,WDB-0442,Scania R450,d1002950,Truck
v1001435,VVQ-4577,Toyota Hilux,d1001994,Car
v1001436,WYF-1571,Renault Master,d1002949,Van
v1001437,EIG-6036,Iveco Daily,d1002664,Truck
v1001438,ZAT-6815,Renault Master,d1001283,Van
v1001439,WRY-2948,Renault Master,d1002030,Van
v1001440,BAO-5308,Scania R450,d1001756,Truck
v1001441,YPZ-6877,Fiat Uno,d1002638,Car
v1001442,LOZ-3566,VW Saveiro,d1001279,Car
v1001443,ZSY-3698,Scania R450,d1002001,Truck
v1001444,DQC-8701,Renault Master,d1002437,Van
v1001445,RIK-2446,Renault Master,d1001688,Van
v1001446,RFS-0858,Mercedes Sprinter,d1001497,Van
v1001447,LTV-5437,Fiat Uno,d1002295,Car
v1001448,JGE-0247,Renault Master,d1002524,Van
v1001449,WMH-0125,VW Saveiro,d1001409,Car
v1001450,WRY-6393,VW Saveiro,d1001926,Car
v1001451,TZA-9504,Mercedes Sprinter,d1001518,Van
v1001452,QCX-9343,Hyundai HR,d1002791,Truck
v1001453,KNS-9554,Volvo FH,d1001352,Truck
v1001454,LNU-3960,Renault Master,d1001051,Van
v1001455,AYS-4197,VW Saveiro,d1002141,Car
v1001456,JYK-9296,Renault Master,d1002491,Van
v1001457,LJR-8935,Hyundai HR,d1001879,Truck
v1001458,SFH-8921,Scania R450,d1002145,Truck
v1001459,HAR-1991,VW Delivery,d1002589,Truck
v1001460,UHY-1981,Iveco Daily,d1001148,Truck
v1001461,UGY-5927,Scania R450,d1001587,Truck
v1001462,PFY-7995,Renault Master,d1002481,Van
v1001463,RRA-4700,Renault Master,d1002560,Van
v1001464,DVF-4219,Volvo FH,d1002974,Truck
v1001465,FOV-7401,VW Saveiro,d1001097,Car
v1001466,FHQ-2400,Scania R450,d1002566,Truck
v1001467,EUZ-7000,Fiat Uno,d1002229,Car
v1001468,AZX-5196,VW Delivery,d1001382,Truck
v1001469,ZFS-4977,Hyundai HR,d1002667,Truck
v1001470,FIA-1568,VW Saveiro,d1001813,Car
v1001471,TYB-8590,Volvo FH,d1002585,Truck
v1001472,PRR-2115,VW Delivery,d1002098,Truck
v1001473,AVB-3464,Mercedes Sprinter,d1002110,Van
v1001474,DPY-1319,Hyundai HR,d1002897,Truck
v1001475,UYF-5264,Mercedes Sprinter,d1002446,Van
v1001476,OSX-5406,Toyota Hilux,d1001926,Car
v1001477,HDT-5611,Scania R450,d1002154,Truck
v1001478,NMG-6878,Volvo FH,d1002375,Truck
v1001479,HZX-3661,Fiat Uno,d1001215,Car
v1001480,EVY-5662,Fiat Uno,d1001724,Car
v1001481,PCA-7355,Toyota Hilux,d1001008,Car
v1001482,SLU-8321,Scania R450,d1002342,Truck
v1001483,PVS-6372,Fiat Uno,d1002185,Car
v1001484,ZMQ-5869,Iveco Daily,d1002865,Truck
v1001485,BAR-5549,VW Delivery,d1001063,Truck
v1001486,IJG-3818,Renault Master,d1002314,Van
v1001487,OOJ-7159,Iveco Daily,d1002127,Truck
v1001488,YYR-7809,VW Delivery,d1001920,Truck
v1001489,KRL-9008,Toyota Hilux,d1001892,Car
v1001490,UKP-8167,VW Saveiro,d1001859,Car
v1001491,XFW-5072,Toyota Hilux,d1001712,Car
v1001492,WGL-1489,Toyota Hilux,d1002694,Car
v1001493,XPD-0754,Mercedes Sprinter,d1002897,Van
v1001494,OGX-1972,VW Saveiro,d1002937,Car
v1001495,VZX-9459,Fiat Uno,d1001327,Car
v1001496,TVN-5976,Toyota Hilux,d1002543,Car
v1001497,JLR-8408,VW Saveiro,d1002279,Car
v1001498,UEF-9022,Iveco Daily,d1002701,Truck
v1001499,LWP-6885,Toyota Hilux,d1002798,Car
v1001500,NPU-2799,Mercedes Sprinter,d1002800,Van
v1001501,NUK-2730,Toyota Hilux,d1002931,Car
v1001502,WDZ-8698,Toyota Hilux,d1002774,Car
v1001503,ODE-7846,Toyota Hilux,d1001092,Car
v1001504,YKK-2546,Scania R450,d1001779,Truck
v1001505,QPS-3494,Mercedes Sprinter,d1002619,Van
v1001506,ZTZ-4597,Scania R450,d1001607,Truck
v1001507,NAB-4097,Renault Master,d1002004,Van
v1001508,ZRZ-4577,Hyundai HR,d1002187,Truck
v1001509,TSG-9931,Scania R450,d1003000,Truck
v1001510,TQW-8591,Mercedes Sprinter,d1002224,Van
v1001511,SDN-7936,Volvo FH,d1001574,Truck
v1001512,CAD-1782,VW Delivery,d1001310,Truck
v1001513,EMB-8106,Iveco Daily,d1002955,Truck
v1001514,GCF-0875,Hyundai HR,d1001638,Truck
v1001515,LCJ-1022,Iveco Daily,d1001546,Truck
v1001516,KSY-1996,Scania R450,d1001457,Truck
v1001517,JEI-1037,Scania R450,d1001960,Truck
v1001518,CIV-8788,Mercedes Sprinter,d1002823,Van
v1001519,NCP-2148,VW Saveiro,d1001568,Car
v1001520,NUB-6566,Renault Master,d1002907,Van
v1001521,MJZ-8841,Hyundai HR,d1001338,Truck
v1001522,UAW-8245,VW Saveiro,d1001580,Car
v1001523,IZV-7240,Scania R450,d1002801,Truck
v1001524,MLU-3454,Scania R450,d1001596,Truck
v1001525,NLB-6634,VW Delivery,d1001317,Truck
v1001526,YSL-2375,Volvo FH,d1001409,Truck
v1001527,QQG-7931,Iveco Daily,d1001464,Truck
v1001528,XPD-8254,Volvo FH,d1001564,Truck
v1001529,FEZ-4121,Hyundai HR,d1001733,Truck
v1001530,NUI-6017,Hyundai HR,d1002476,Truck
v1001531,UOL-3430,Toyota Hilux,d1001133,Car
v1001532,WMJ-1017,Iveco Daily,d1001468,Truck
v1001533,NSD-6556,Fiat Uno,d1001937,Car
v1001534,ATG-6851,Fiat Uno,d1002265,Car
v1001535,JAL-1562,Fiat Uno,d1002369,Car
v1001536,LSP-4531,Toyota Hilux,d1001663,Car
v1001537,PCS-7337,VW Saveiro,d1002349,Car
v1001538,OSL-4910,Hyundai HR,d1001264,Truck
v1001539,DAV-9381,VW Saveiro,d1002335,Car
v1001540,RBH-2645,Fiat Uno,d1001007,Car
v1001541,LZY-5967,VW Saveiro,d1001150,Car
v1001542,QVV-3319,Fiat Uno,d1001059,Car
v1001543,VEJ-5551,Fiat Uno,d1002477,Car
v1001544,BVZ-7870,Hyundai HR,d1001675,Truck
v1001545,POK-7506,Renault Master,d1001902,Van
v1001546,VKV-9602,Fiat Uno,d1001693,Car
v1001547,DFV-7939,Hyundai HR,d1002997,Truck
v1001548,JIL-1841,Toyota Hilux,d1002699,Car
v1001549,ROR-0734,VW Delivery,d1001989,Truck
v1001550,HPP-6367,Mercedes Sprinter,d1001256,Van
v1001551,XFG-6573,Renault Master,d1002231,Van
v1001552,CCE-9968,VW Saveiro,d1001427,Car
v1001553,NLC-9102,VW Delivery,d1001529,Truck
v1001554,HDU-4123,Toyota Hilux,d1001178,Car
v1001555,LZU-4156,Volvo FH,d1001271,Truck
v1001556,QXK-3123,Mercedes Sprinter,d1002664,Van
v1001557,LUL-8267,Mercedes Sprinter,d1002474,Van
v1001558,WAL-0224,Scania R450,d1001299,Truck
v1001559,FNY-4253,VW Delivery,d1002172,Truck
v1001560,UIU-2996,Scania R450,d1002501,Truck
v1001561,GOA-7070,Hyundai HR,d1001460,Truck
v1001562,CGJ-5177,Hyundai HR,d1001555,Truck
v1001563,YYA-9231,Mercedes Sprinter,d1002254,Van
v1001564,AGF-3102,Mercedes Sprinter,d1002354,Van
v1001565,KVX-5949,Fiat Uno,d1002961,Car
v1001566,WPW-2861,Iveco Daily,d1002547,Truck
v1001567,YSU-1295,Fiat Uno,d1001876,Car
v1001568,XSG-3976,VW Saveiro,d1002488,Car
v1001569,RCP-9603,Hyundai HR,d1002621,Truck
v1001570,VGP-5247,Toyota Hilux,d1001633,Car
v1001571,EPC-8002,Volvo FH,d1001185,Truck
v1001572,RAN-4081,Fiat Uno,d1002314,Car
v1001573,PNS-1425,Iveco Daily,d1002707,Truck
v1001574,HDA-7723,Mercedes Sprinter,d1001715,Van
v1001575,NBP-8814,Toyota Hilux,d1001598,Car
v1001576,FRU-9256,VW Saveiro,d1001398,Car
v1001577,AYZ-1176,Scania R450,d1001144,Truck
v1001578,AIJ-5911,Iveco Daily,d1001580,Truck
v1001579,ZWK-8875,Renault Master,d1001664,Van
v1001580,RWY-5815,Toyota Hilux,d1001389,Car
v1001581,MBK-8779,Mercedes Sprinter,d1002862,Van
v1001582,BET-5797,Renault Master,d1002455,Van
v1001583,IUN-3971,Scania R450,d1002296,Truck
v1001584,AAM-9925,Scania R450,d1001880,Truck
v1001585,GIQ-9702,Toyota Hilux,d1001024,Car
v1001586,KYD-8690,Iveco Daily,d1002826,Truck
v1001587,NJO-4681,Iveco Daily,d1002922,Truck
v1001588,FLD-3802,Scania R450,d1001356,Truck
v1001589,EYE-9931,Volvo FH,d1001649,Truck
v1001590,FKY-2376,Scania R450,d1001057,Truck
v1001591,ZWR-1179,Fiat Uno,d1002146,Car
v1001592,KMY-8311,Hyundai HR,d1001908,Truck
v1001593,LWE-4911,Fiat Uno,d1001954,Car
v1001594,TRP-8842,VW Delivery,d1001754,Truck
v1001595,BBJ-6515,Toyota Hilux,d1001982,Car
v1001596,QKT-4477,VW Saveiro,d1002611,Car
v1001597,VCN-5897,VW Saveiro,d1002443,Car
v1001598,PZO-2122,Toyota Hilux,d1001245,Car
v1001599,MTP-1899,VW Delivery,d1002241,Truck
v1001600,EFX-4621,Volvo FH,d1001899,Truck
v1001601,NSL-2691,Fiat Uno,d1001737,Car
v1001602,UDJ-1272,Hyundai HR,d1002317,Truck
v1001603,SAK-8979,Volvo FH,d1002745,Truck
v1001604,UBO-9909,Iveco Daily,d1001158,Truck
v1001605,DIW-7015,VW Delivery,d1001164,Truck
v1001606,JVY-8891,Renault Master,d1001679,Van
v1001607,AJY-8562,Scania R450,d1001992,Truck
v1001608,JPC-5797,Scania R450,d1001629,Truck
v1001609,ITQ-8954,Mercedes Sprinter,d1001055,Van
v1001610,JFK-6036,Mercedes Sprinter,d1002835,Van
v1001611,SCV-8255,VW Delivery,d1002708,Truck
v1001612,QTY-9081,VW Saveiro,d1002744,Car
v1001613,YZC-7977,Renault Master,d1002322,Van
v1001614,YOC-8387,Toyota Hilux,d1002127,Car
v1001615,VOD-1633,Fiat Uno,d1002546,Car
v1001616,JHK-9435,Mercedes Sprinter,d1002128,Van
v1001617,IAE-9509,Volvo FH,d1002435,Truck
v1001618,ILP-3346,Scania R450,d1002851,Truck
v1001619,CTL-0753,VW Delivery,d1002913,Truck
v1001620,XYX-9954,Fiat Uno,d1001735,Car
v1001621,OXI-2899,Toyota Hilux,d1002343,Car
v1001622,SEY-7335,Mercedes Sprinter,d1001864,Van
v1001623,LJL-1159,Scania R450,d1002167,Truck
v1001624,RGK-0624,Toyota Hilux,d1002738,Car
v1001625,FIS-6050,Mercedes Sprinter,d1002756,Van
v1001626,FQH-6380,Toyota Hilux,d1002435,Car
v1001627,TXR-9572,Hyundai HR,d1001779,Truck
v1001628,CNU-3997,Iveco Daily,d1001325,Truck
v1001629,OAQ-3526,Scania R450,d1001102,Truck
v1001630,JQS-6418,Renault Master,d1002443,Van
v1001631,HVY-4664,Toyota Hilux,d1002044,Car
v1001632,YPF-3952,Scania R450,d1001926,Truck
v1001633,XEW-5514,Renault Master,d1001373,Van
v1001634,YWS-7987,Renault Master,d1001525,Van
v1001635,IQJ-3548,VW Delivery,d1001093,Truck
v1001636,JDS-4179,Scania R450,d1002855,Truck
v1001637,TFA-0863,Toyota Hilux,d1002014,Car
v1001638,NEX-1408,Toyota Hilux,d1001606,Car
v1001639,AIC-4966,Renault Master,d1002747,Van
v1001640,ZOO-5947,Fiat Uno,d1002606,Car
v1001641,XHP-0241,Iveco Daily,d1001042,Truck
v1001642,MKJ-7882,Mercedes Sprinter,d1002573,Van
v1001643,QJM-6140,Scania R450,d1001399,Truck
v1001644,SIK-5106,VW Delivery,d1001094,Truck
v1001645,EHK-7139,VW Delivery,d1002182,Truck
v1001646,CUG-0324,Volvo FH,d1002675,Truck
v1001647,IFH-9899,Mercedes Sprinter,d1002718,Van
v1001648,OCX-6180,Mercedes Sprinter,d1002369,Van
v1001649,KZE-7826,Fiat Uno,d1001279,Car
v1001650,QOZ-6977,Volvo FH,d1002690,Truck
v1001651,DHU-4790,VW Delivery,d1001824,Truck
v1001652,RUF-7480,Renault Master,d1001630,Van
v1001653,RRM-7030,Renault Master,d1002767,Van
v1001654,RUI-2951,Renault Master,d1001107,Van
v1001655,CJT-5789,Toyota Hilux,d1002489,Car
v1001656,FGN-5592,Hyundai HR,d1002205,Truck
v1001657,AYU-2767,VW Saveiro,d1002378,Car
v1001658,XEK-5260,Toyota Hilux,d1002225,Car
v1001659,EGE-6907,VW Saveiro,d1001430,Car
v1001660,QZN-6090,Iveco Daily,d1001976,Truck
v1001661,YJL-0538,VW Delivery,d1001879,Truck
v1001662,WUC-7764,Hyundai HR,d1001356,Truck
v1001663,HIA-5235,Scania R450,d1001614,Truck
v1001664,ZKS-9024,Mercedes Sprinter,d1002126,Van
v1001665,DKS-7100,Hyundai HR,d1001586,Truck
v1001666,FUX-8560,Volvo FH,d1001416,Truck
v1001667,ITJ-1167,VW Delivery,d1001123,Truck
v1001668,KAU-0434,VW Saveiro,d1001302,Car
v1001669,QZP-1178,VW Delivery,d1001276,Truck
v1001670,BDX-0446,Scania R450,d1001008,Truck
v1001671,ZRH-4971,Mercedes Sprinter,d1002215,Van
v1001672,JFD-5162,Volvo FH,d1001913,Truck
v1001673,DAH-3273,Renault Master,d1002515,Van
v1001674,LSB-8993,Volvo FH,d1002282,Truck
v1001675,CTM-3976,Fiat Uno,d1002686,Car
v1001676,VBO-3845,VW Delivery,d1002400,Truck
v1001677,MAX-9341,Hyundai HR,d1001038,Truck
v1001678,PHU-6045,Mercedes Sprinter,d1001287,Van
v1001679,BUY-3835,Scania R450,d1002500,Truck
v1001680,DCM-5874,Renault Master,d1001963,Van
v1001681,JGT-1701,Toyota Hilux,d1001090,Car
v1001682,SIO-8841,Renault Master,d1001387,Van
v1001683,MMD-8247,Renault Master,d1002978,Van
v1001684,OVX-6786,Toyota Hilux,d1001635,Car
v1001685,QYO-1815,VW Saveiro,d1002479,Car
v1001686,WNA-5485,Volvo FH,d1002660,Truck
v1001687,DNI-8366,Toyota Hilux,d1002659,Car
v1001688,VCM-1830,Fiat Uno,d1002057,Car
v1001689,VWD-5316,Mercedes Sprinter,d1002480,Van
v1001690,OXP-2427,Scania R450,d1002000,Truck
v1001691,JRC-0907,Scania R450,d1001319,Truck
v1001692,FRZ-7952,Toyota Hilux,d1001159,Car
v1001693,YGV-3189,Mercedes Sprinter,d1002464,Van
v1001694,QYT-4140,Volvo FH,d1002959,Truck
v1001695,HDZ-9515,Mercedes Sprinter,d1002814,Van
v1001696,TDM-0004,VW Delivery,d1001004,Truck
v1001697,MRS-0112,Mercedes Sprinter,d1001368,Van
v1001698,AJN-7315,Iveco Daily,d1002967,Truck
v1001699,WQO-6498,VW Saveiro,d1001874,Car
v1001700,LDK-4074,Renault Master,d1001930,Van
v1001701,EZX-5204,Fiat Uno,d1001250,Car
v1001702,QJT-9755,Fiat Uno,d1002626,Car
v1001703,DMK-6681,Volvo FH,d1002350,Truck
v1001704,CIE-8787,Fiat Uno,d1001443,Car
v1001705,NNW-8897,Toyota Hilux,d1001791,Car
v1001706,QMJ-0488,VW Delivery,d1002573,Truck
v1001707,GAB-6393,Mercedes Sprinter,d1002151,Van
v1001708,NMN-8755,Toyota Hilux,d1001694,Car
v1001709,ACQ-3206,Toyota Hilux,d1002320,Car
v1001710,MAN-0128,Volvo FH,d1002540,Truck
v1001711,OTM-0622,Renault Master,d1002798,Van
v1001712,ZIX-1063,Volvo FH,d1001526,Truck
v1001713,OMM-0701,Iveco Daily,d1002801,Truck
v1001714,QWT-9224,Renault Master,d1002313,Van
v1001715,EWZ-7061,Toyota Hilux,d1001084,Car
v1001716,JIU-9531,Volvo FH,d1002274,Truck
v1001717,QEQ-8799,Volvo FH,d1002380,Truck
v1001718,YOQ-2611,Mercedes Sprinter,d1001807,Van
v1001719,TWD-9934,Scania R450,d1002871,Truck
v1001720,KWX-0546,VW Saveiro,d1001720,Car
v1001721,IQD-8209,Volvo FH,d1002338,Truck
v1001722,NMN-3344,VW Delivery,d1001793,Truck
v1001723,AZT-2209,Renault Master,d1002223,Van
v1001724,HVY-6270,Iveco Daily,d1002195,Truck
v1001725,SXW-8775,Volvo FH,d1002036,Truck
v1001726,QJR-4364,Toyota Hilux,d1002237,Car
v1001727,LDQ-9799,VW Saveiro,d1001444,Car
v1001728,NUQ-0274,Fiat Uno,d1001271,Car
v1001729,CHG-3302,Renault Master,d1002084,Van
v1001730,SRU-3281,Fiat Uno,d1001225,Car
v1001731,OQZ-0041,VW Delivery,d1002410,Truck
v1001732,AUL-3190,Volvo FH,d1001699,Truck
v1001733,CGR-6631,Hyundai HR,d1002026,Truck
v1001734,DCZ-8212,Fiat Uno,d1001465,Car
v1001735,MHL-3284,VW Saveiro,d1001567,Car
v1001736,ZRT-0255,VW Saveiro,d1002321,Car
v1001737,URA-5460,Volvo FH,d1001488,Truck
v1001738,HNO-4036,VW Saveiro,d1001800,Car
v1001739,BJE-8697,VW Delivery,d1001615,Truck
v1001740,NMG-3631,Mercedes Sprinter,d1002098,Van
v1001741,LPA-4367,Fiat Uno,d1001461,Car
v1001742,DVZ-8053,Mercedes Sprinter,d1001235,Van
v1001743,WLX-1114,Toyota Hilux,d1002601,Car
v1001744,VWM-2541,Toyota Hilux,d1002453,Car
v1001745,UUF-0437,Renault Master,d1002214,Van
v1001746,WEI-3231,VW Saveiro,d1002019,Car
v1001747,CQS-5330,Iveco Daily,d1002623,Truck
v1001748,EDL-3920,Scania R450,d1002017,Truck
v1001749,NQE-6686,Renault Master,d1002988,Van
v1001750,RXX-2071,VW Saveiro,d1001082,Car
v1001751,MEP-0259,Hyundai HR,d1002012,Truck
v1001752,WBV-0708,Fiat Uno,d1001673,Car
v1001753,YHS-6570,Fiat Uno,d1001917,Car
v1001754,MQD-3123,Iveco Daily,d1001395,Truck
v1001755,YGL-0926,Renault Master,d1001624,Van
v1001756,ACA-3786,VW Saveiro,d1002993,Car
v1001757,MRA-3718,Toyota Hilux,d1001659,Car
v1001758,PUR-5388,Scania R450,d1002022,Truck
v1001759,DVE-0756,VW Saveiro,d1002950,Car
v1001760,DFY-0681,VW Saveiro,d1001455,Car
v1001761,LAC-5000,Renault Master,d1001109,Van
v1001762,XVA-7203,Scania R450,d1002723,Truck
v1001763,ERH-8706,Volvo FH,d1002374,Truck
v1001764,MWE-4304,VW Delivery,d1001579,Truck
v1001765,FRW-1987,Iveco Daily,d1002743,Truck
v1001766,MHF-3036,Toyota Hilux,d1002217,Car
v1001767,TVE-0085,Hyundai HR,d1002529,Truck
v1001768,XQD-8911,VW Saveiro,d1002837,Car
v1001769,RVX-1614,Renault Master,d1002960,Van
v1001770,HYB-6907,Volvo FH,d1001146,Truck
v1001771,GQP-9825,Renault Master,d1001504,Van
v1001772,PZU-5718,Hyundai HR,d1001012,Truck
v1001773,HRG-3264,Fiat Uno,d1002259,Car
v1001774,WBN-9307,Hyundai HR,d1001981,Truck
v1001775,QDO-8415,Mercedes Sprinter,d1002577,Van
v1001776,BBJ-9984,Iveco Daily,d1001046,Truck
v1001777,QHM-3556,Volvo FH,d1002288,Truck
v1001778,XEJ-2360,VW Delivery,d1001412,Truck
v1001779,CYZ-7659,Fiat Uno,d1002282,Car
v1001780,LYE-3266,VW Delivery,d1002024,Truck
v1001781,WSQ-9924,Renault Master,d1002540,Van
v1001782,XXB-8086,Mercedes Sprinter,d1002624,Van
v1001783,YMG-4174,VW Saveiro,d1001618,Car
v1001784,QTF-2899,Renault Master,d1002102,Van
v1001785,UZA-9349,VW Saveiro,d1002116,Car
v1001786,KWP-3982,Scania R450,d1001475,Truck
v1001787,MJN-5558,Hyundai HR,d1002276,Truck
v1001788,IKZ-8131,Toyota Hilux,d1002942,Car
v1001789,BSH-9896,Fiat Uno,d1001099,Car
v1001790,MII-0815,Mercedes Sprinter,d1001471,Van
v1001791,WZD-1934,Iveco Daily,d1001927,Truck
v1001792,SLH-5342,Hyundai HR,d1001179,Truck
v1001793,ZAF-4933,Volvo FH,d1002873,Truck
v1001794,LYZ-3583,VW Delivery,d1002913,Truck
v1001795,RJX-5509,Iveco Daily,d1001965,Truck
v1001796,YUX-3098,Fiat Uno,d1002661,Car
v1001797,XAV-1676,VW Saveiro,d1001448,Car
v1001798,RRL-7674,Iveco Daily,d1002394,Truck
v1001799,QIT-3552,Mercedes Sprinter,d1001402,Van
v1001800,FSH-5048,Volvo FH,d1002218,Truck
v1001801,LAP-6724,VW Saveiro,d1002296,Car
v1001802,VPB-5288,Toyota Hilux,d1001429,Car
v1001803,RIO-9931,Toyota Hilux,d1001977,Car
v1001804,USZ-0555,Hyundai HR,d1002174,Truck
v1001805,BZY-0697,VW Saveiro,d1001561,Car
v1001806,FKO-6132,Fiat Uno,d1002916,Car
v1001807,AJO-6299,Fiat Uno,d1002264,Car
v1001808,LJJ-9719,Fiat Uno,d1002542,Car
v1001809,ANR-6593,VW Saveiro,d1001288,Car
v1001810,UXY-0190,VW Delivery,d1002282,Truck
v1001811,OYD-2507,VW Delivery,d1002922,Truck
v1001812,UWJ-2148,VW Saveiro,d1001704,Car
v1001813,ZIM-1356,VW Saveiro,d1001615,Car
v1001814,CCK-7156,Hyundai HR,d1001474,Truck
v1001815,EMB-7603,Toyota Hilux,d1002481,Car
v1001816,ECG-7485,Iveco Daily,d1001356,Truck
v1001817,BEY-8027,Mercedes Sprinter,d1002159,Van
v1001818,CEY-6923,Volvo FH,d1001539,Truck
v1001819,GEX-0527,Toyota Hilux,d1002426,Car
v1001820,AEB-0075,Hyundai HR,d1001245,Truck
v1001821,EMA-3101,Volvo FH,d1002440,Truck
v1001822,PKN-8806,Mercedes Sprinter,d1002034,Van
v1001823,CRL-0887,Volvo FH,d1002166,Truck
v1001824,FXF-0401,Hyundai HR,d1001212,Truck
v1001825,CMN-5356,Toyota Hilux,d1002986,Car
v1001826,BQB-7292,Iveco Daily,d1002020,Truck
v1001827,NHP-6994,Fiat Uno,d1001395,Car
v1001828,DJS-9159,Renault Master,d1001139,Van
v1001829,BAC-7391,Iveco Daily,d1001764,Truck
v1001830,MGS-4406,Mercedes Sprinter,d1002918,Van
v1001831,OMX-5046,VW Delivery,d1001382,Truck
v1001832,IAF-8732,VW Saveiro,d1001505,Car
v1001833,ABZ-9430,VW Delivery,d1002689,Truck
v1001834,ATQ-1579,Volvo FH,d1001173,Truck
v1001835,XPF-3521,Mercedes Sprinter,d1001715,Van
v1001836,PJP-3622,VW Saveiro,d1001593,Car
v1001837,ODN-4318,Renault Master,d1001498,Van
v1001838,GOY-2093,VW Delivery,d1002122,Truck
v1001839,AWL-3469,Fiat Uno,d1001371,Car
v1001840,RCI-8916,Renault Master,d1002625,Van
v1001841,NGQ-9012,Toyota Hilux,d1002946,Car
v1001842,WGJ-6443,Volvo FH,d1002597,Truck
v1001843,PUY-1817,Volvo FH,d1001526,Truck
v1001844,YVC-4064,Volvo FH,d1001724,Truck
v1001845,BSQ-5353,Fiat Uno,d1001860,Car
v1001846,QOX-2502,Renault Master,d1001393,Van
v1001847,UHP-4885,VW Saveiro,d1001014,Car
v1001848,KAS-5123,VW Saveiro,d1001424,Car
v1001849,ASD-2977,Iveco Daily,d1002503,Truck
v1001850,JJQ-7855,Mercedes Sprinter,d1001852,Van
v1001851,ICV-8428,Scania R450,d1002563,Truck
v1001852,CQI-2997,VW Delivery,d1002568,Truck
v1001853,EDU-2976,Volvo FH,d1002101,Truck
v1001854,PHO-2376,VW Delivery,d1001006,Truck
v1001855,YKP-5511,VW Saveiro,d1002726,Car
v1001856,HVT-2124,VW Delivery,d1002367,Truck
v1001857,CRO-5163,Iveco Daily,d1002420,Truck
v1001858,YPF-4378,Scania R450,d1002328,Truck
v1001859,AZY-7146,Hyundai HR,d1002128,Truck
v1001860,MDO-4668,Toyota Hilux,d1002866,Car
v1001861,MKW-6670,VW Delivery,d1001930,Truck
v1001862,PGB-1256,Toyota Hilux,d1002604,Car
v1001863,JSY-4027,VW Saveiro,d1001391,Car
v1001864,HYL-2770,Volvo FH,d1001629,Truck
v1001865,NIH-5101,Scania R450,d1002486,Truck
v1001866,JCR-7515,Hyundai HR,d1001829,Truck
v1001867,QDF-6288,Volvo FH,d1002988,Truck
v1001868,ZGU-8687,VW Delivery,d1002868,Truck
v1001869,IIE-1964,VW Saveiro,d1001732,Car
v1001870,NYL-7146,Renault Master,d1002360,Van
v1001871,SFL-7204,Scania R450,d1002769,Truck
v1001872,OQJ-0184,Iveco Daily,d1001385,Truck
v1001873,IYP-7804,Toyota Hilux,d1001292,Car
v1001874,PGW-2933,Toyota Hilux,d1002310,Car
v1001875,LQT-5886,Toyota Hilux,d1002222,Car
v1001876,ZYG-2378,VW Delivery,d1002107,Truck
v1001877,BFM-4158,Hyundai HR,d1002824,Truck
v1001878,SZC-1780,VW Delivery,d1002788,Truck
v1001879,EVM-9100,Toyota Hilux,d1001723,Car
v1001880,LPR-0421,Mercedes Sprinter,d1001533,Van
v1001881,CIJ-3030,VW Delivery,d1002174,Truck
v1001882,UIJ-9200,VW Saveiro,d1001251,Car
v1001883,DHI-7209,Renault Master,d1002076,Van
v1001884,WCE-0797,Volvo FH,d1001329,Truck
v1001885,DLK-8944,Iveco Daily,d1002999,Truck
v1001886,ZUB-4067,Fiat Uno,d1001028,Car
v1001887,SSH-0636,Toyota Hilux,d1001492,Car
v1001888,NIJ-1707,VW Delivery,d1002843,Truck
v1001889,MNM-4558,Iveco Daily,d1001016,Truck
v1001890,XTG-3405,Mercedes Sprinter,d1001307,Van
v1001891,IFN-9060,Renault Master,d1001820,Van
v1001892,HSI-8350,Hyundai HR,d1001545,Truck
v1001893,EPA-1551,Volvo FH,d1002204,Truck
v1001894,FMG-9273,Mercedes Sprinter,d1001357,Van
v1001895,DIQ-2311,Volvo FH,d1002462,Truck
v1001896,EMZ-7400,Hyundai HR,d1002240,Truck
v1001897,JCH-7968,Renault Master,d1002337,Van
v1001898,CHK-3644,Scania R450,d1001116,Truck
v1001899,SWM-5116,Hyundai HR,d1001747,Truck
v1001900,KNP-8589,Iveco Daily,d1001966,Truck
v1001901,CEH-4615,VW Delivery,d1001694,Truck
v1001902,KED-9669,Hyundai HR,d1002389,Truck
v1001903,XWW-3641,Hyundai HR,d1001222,Truck
v1001904,IMF-2873,Mercedes Sprinter,d1001556,Van
v1001905,MUR-5594,Fiat Uno,d1002562,Car
v1001906,YVJ-8930,Renault Master,d1001854,Van
v1001907,MTR-5531,Mercedes Sprinter,d1001681,Van
v1001908,UJK-3939,Renault Master,d1001018,Van
v1001909,VUL-9147,Hyundai HR,d1002193,Truck
v1001910,XBX-1063,VW Saveiro,d1002687,Car
v1001911,CXX-2639,Scania R450,d1001433,Truck
v1001912,EKD-7297,Scania R450,d1002905,Truck
v1001913,NQA-4429,Fiat Uno,d1001692,Car
v1001914,UZL-4633,Volvo FH,d1001458,Truck
v1001915,MIV-6781,Scania R450,d1001547,Truck
v1001916,NIV-7329,Fiat Uno,d1001062,Car
v1001917,WYS-9348,Fiat Uno,d1002590,Car
v1001918,JFA-3280,Fiat Uno,d1002920,Car
v1001919,QAD-8565,Iveco Daily,d1001580,Truck
v1001920,DUR-0825,Mercedes Sprinter,d1001509,Van
v1001921,KEN-3600,Fiat Uno,d1002404,Car
v1001922,GFB-1432,Scania R450,d1001087,Truck
v1001923,YKF-9162,Fiat Uno,d1001897,Car
v1001924,JSE-4527,Hyundai HR,d1001237,Truck
v1001925,HBL-0437,Iveco Daily,d1002064,Truck
v1001926,UTB-8711,Mercedes Sprinter,d1001512,Van
v1001927,UUH-7261,Iveco Daily,d1001642,Truck
v1001928,CWF-2747,Mercedes Sprinter,d1002389,Van
v1001929,NRW-6278,Iveco Daily,d1001560,Truck
v1001930,YBV-8006,Volvo FH,d1002979,Truck
v1001931,CIZ-4428,Iveco Daily,d1002908,Truck
v1001932,JUL-0976,VW Saveiro,d1002287,Car
v1001933,DLL-4598,Scania R450,d1002546,Truck
v1001934,QOD-0283,Volvo FH,d1001429,Truck
v1001935,FGV-2521,VW Saveiro,d1002514,Car
v1001936,QSU-2120,Toyota Hilux,d1002864,Car
v1001937,AUP-1561,Scania R450,d1001886,Truck
v1001938,KMN-9653,Fiat Uno,d1002537,Car
v1001939,XRQ-7205,Toyota Hilux,d1001048,Car
v1001940,OCI-2871,Fiat Uno,d1001245,Car
v1001941,GWT-8468,Fiat Uno,d1001773,Car
v1001942,PDT-1329,Fiat Uno,d1002039,Car
v1001943,KYP-9810,VW Saveiro,d1001266,Car
v1001944,EMQ-4688,Renault Master,d1002190,Van
v1001945,XOC-6157,Toyota Hilux,d1001293,Car
v1001946,OGE-8813,Fiat Uno,d1002135,Car
v1001947,FVG-4383,VW Delivery,d1002738,Truck
v1001948,UYJ-4087,Mercedes Sprinter,d1001499,Van
v1001949,LLA-5540,Volvo FH,d1002456,Truck
v1001950,KRT-0505,Scania R450,d1002483,Truck
v1001951,NDQ-0808,Iveco Daily,d1002888,Truck
v1001952,HJW-3788,VW Delivery,d1001828,Truck
v1001953,ZXF-7023,VW Saveiro,d1002846,Car
v1001954,FVO-2940,VW Delivery,d1002526,Truck
v1001955,NKJ-4699,Fiat Uno,d1002467,Car
v1001956,PHO-5045,VW Delivery,d1002439,Truck
v1001957,QNP-9658,Hyundai HR,d1002946,Truck
v1001958,LZJ-3130,Mercedes Sprinter,d1002801,Van
v1001959,WRJ-1875,Renault Master,d1002744,Van
v1001960,LEJ-9662,Toyota Hilux,d1001187,Car
v1001961,VJB-4693,Hyundai HR,d1002472,Truck
v1001962,IJF-5982,Scania R450,d1001615,Truck
v1001963,OSJ-8602,Toyota Hilux,d1001927,Car
v1001964,HJU-0988,Mercedes Sprinter,d1002961,Van
v1001965,WKI-6372,Iveco Daily,d1001649,Truck
v1001966,PAL-0770,VW Saveiro,d1001785,Car
v1001967,QCH-3812,Hyundai HR,d1001333,Truck
v1001968,PPO-0415,Hyundai HR,d1002633,Truck
v1001969,UCK-7826,Fiat Uno,d1001055,Car
v1001970,SBG-3972,Hyundai HR,d1001738,Truck
v1001971,SZL-9742,Fiat Uno,d1002110,Car
v1001972,AXV-8787,Renault Master,d1002923,Van
v1001973,CFC-6658,Renault Master,d1002825,Van
v1001974,UJZ-6365,VW Saveiro,d1001066,Car
v1001975,HMF-1097,VW Delivery,d1001800,Truck
v1001976,TZW-1039,Renault Master,d1001971,Van
v1001977,FFY-9513,Toyota Hilux,d1001896,Car
v1001978,CMK-3122,Renault Master,d1002932,Van
v1001979,LJE-6846,Mercedes Sprinter,d1001491,Van
v1001980,UMN-6695,Mercedes Sprinter,d1002208,Van
v1001981,PBO-0214,Fiat Uno,d1001236,Car
v1001982,TCC-5076,Mercedes Sprinter,d1002302,Van
v1001983,UGL-2891,Renault Master,d1001454,Van
v1001984,TEA-1262,VW Saveiro,d1002437,Car
v1001985,HFJ-9790,Volvo FH,d1002891,Truck
v1001986,FGZ-3174,VW Saveiro,d1002640,Car
v1001987,MFD-4078,VW Delivery,d1002903,Truck
v1001988,NXG-8656,Scania R450,d1002138,Truck
v1001989,WCQ-1289,VW Delivery,d1002578,Truck
v1001990,PND-2822,Mercedes Sprinter,d1002291,Van
v1001991,DNF-0556,Volvo FH,d1002777,Truck
v1001992,CHC-2923,Scania R450,d1001934,Truck
v1001993,QPS-3701,Scania R450,d1001488,Truck
v1001994,SDY-2428,Volvo FH,d1002580,Truck
v1001995,PMP-3878,Toyota Hilux,d1001589,Car
v1001996,YKV-4206,Fiat Uno,d1001497,Car
v1001997,GFI-5027,Volvo FH,d1002263,Truck
v1001998,XTP-9877,Toyota Hilux,d1002425,Car
v1001999,ODU-1770,VW Saveiro,d1002924,Car
v1002000,ZRK-6217,Iveco Daily,d1001549,Truck
v1002001,LSO-2883,VW Saveiro,d1001514,Car
v1002002,TEC-8066,Scania R450,d1002227,Truck
v1002003,BIP-0733,VW Saveiro,d1002619,Car
v1002004,MHG-8119,Fiat Uno,d1002270,Car
v1002005,OEL-3479,Toyota Hilux,d1002256,Car
v1002006,QJO-4184,Renault Master,d1002853,Van
v1002007,ZJW-7951,Scania R450,d1002465,Truck
v1002008,KRO-2994,VW Saveiro,d1002609,Car
v1002009,XES-6864,VW Delivery,d1002496,Truck
v1002010,NBO-2321,VW Saveiro,d1002122,Car
v1002011,MSV-7711,Volvo FH,d1002893,Truck
v1002012,GJO-4653,Hyundai HR,d1001108,Truck
v1002013,JIH-5093,Hyundai HR,d1002274,Truck
v1002014,DVU-0279,Iveco Daily,d1002649,Truck
v1002015,KSU-5662,Renault Master,d1001434,Van
v1002016,CGS-8128,Iveco Daily,d1001728,Truck
v1002017,ZXF-0843,VW Saveiro,d1001907,Car
v1002018,ENE-3414,VW Delivery,d1002368,Truck
v1002019,DFQ-4505,VW Delivery,d1002689,Truck
v1002020,CVK-7230,Scania R450,d1001093,Truck
v1002021,XCY-8196,Fiat Uno,d1001752,Car
v1002022,SFL-3126,Fiat Uno,d1002001,Car
v1002023,VEW-4319,Toyota Hilux,d1002559,Car
v1002024,NVW-9174,Iveco Daily,d1001334,Truck
v1002025,OWL-0787,Mercedes Sprinter,d1001998,Van
v1002026,WEK-4523,Mercedes Sprinter,d1001911,Van
v1002027,SWQ-8871,Scania R450,d1002066,Truck
v1002028,TAZ-2335,VW Delivery,d1002856,Truck
v1002029,BEL-8309,Mercedes Sprinter,d1002402,Van
v1002030,BUY-6409,Fiat Uno,d1002396,Car
v1002031,ABK-5600,Hyundai HR,d1001358,Truck
v1002032,FVK-3178,VW Saveiro,d1002341,Car
v1002033,UWQ-3087,Toyota Hilux,d1001025,Car
v1002034,LND-8660,VW Saveiro,d1002676,Car
v1002035,MXH-6340,VW Saveiro,d1001863,Car
v1002036,EJG-8503,VW Saveiro,d1002224,Car
v1002037,TDT-2203,VW Saveiro,d1001154,Car
v1002038,SBM-8867,Fiat Uno,d1001047,Car
v1002039,QQO-5667,VW Delivery,d1002913,Truck
v1002040,OAK-8619,Hyundai HR,d1001140,Truck
v1002041,YOT-5287,Iveco Daily,d1002294,Truck
v1002042,UBZ-7499,Iveco Daily,d1001454,Truck
v1002043,HER-9673,Mercedes Sprinter,d1001308,Van
v1002044,HUN-4926,Fiat Uno,d1002461,Car
v1002045,NHZ-6247,Volvo FH,d1001552,Truck
v1002046,VBL-6268,Renault Master,d1001704,Van
v1002047,VPP-5039,Hyundai HR,d1001265,Truck
v1002048,RAW-4007,Mercedes Sprinter,d1001647,Van
v1002049,RJK-1683,Scania R450,d1001392,Truck
v1002050,DEH-2514,Iveco Daily,d1001202,Truck
v1002051,QVF-7496,Mercedes Sprinter,d1002358,Van
v1002052,HXN-0053,Hyundai HR,d1002748,Truck
v1002053,EHE-0821,Toyota Hilux,d1002379,Car
v1002054,RTR-9652,VW Saveiro,d1001078,Car
v1002055,YAM-1515,Toyota Hilux,d1002661,Car
v1002056,VIY-6697,Mercedes Sprinter,d1001821,Van
v1002057,MGD-1892,Scania R450,d1002571,Truck
v1002058,EZZ-2865,Iveco Daily,d1002545,Truck
v1002059,MKX-9307,Fiat Uno,d1001685,Car
v1002060,SRL-5235,Fiat Uno,d1002120,Car
v1002061,CED-1648,Iveco Daily,d1001363,Truck
v1002062,PJU-6523,Toyota Hilux,d1001540,Car
v1002063,JUX-6619,Hyundai HR,d1002303,Truck
v1002064,BPF-3053,Fiat Uno,d1002052,Car
v1002065,MFK-6812,Toyota Hilux,d1002953,Car
v1002066,OZM-6459,Scania R450,d1001534,Truck
v1002067,ZIQ-5986,Renault Master,d1001781,Van
v1002068,GXM-1547,Toyota Hilux,d1002163,Car
v1002069,TSB-6272,Volvo FH,d1001914,Truck
v1002070,FJR-1169,Scania R450,d1001917,Truck
v1002071,GRG-7924,VW Saveiro,d1001729,Car
v1002072,YKK-7746,VW Saveiro,d1001870,Car
v1002073,ACQ-5153,Hyundai HR,d1001987,Truck
v1002074,JFY-4475,Iveco Daily,d1001342,Truck
v1002075,TXX-5706,VW Saveiro,d1002912,Car
v1002076,GJI-2746,Hyundai HR,d1001623,Truck
v1002077,ZJX-7906,VW Delivery,d1002109,Truck
v1002078,OBZ-2499,Toyota Hilux,d1002558,Car
v1002079,ILX-3228,Mercedes Sprinter,d1002435,Van
v1002080,NMC-4892,Renault Master,d1001253,Van
v1002081,ADX-6078,Fiat Uno,d1001217,Car
v1002082,IRS-6975,Mercedes Sprinter,d1001711,Van
v1002083,BVH-5094,Volvo FH,d1001005,Truck
v1002084,ZIR-0590,VW Delivery,d1001355,Truck
v1002085,ICS-8065,VW Saveiro,d1001778,Car
v1002086,HXP-9233,Scania R450,d1001594,Truck
v1002087,BRU-0868,Toyota Hilux,d1001989,Car
v1002088,WGC-6873,VW Saveiro,d1001524,Car
v1002089,YGW-2757,Iveco Daily,d1002965,Truck
v1002090,JPJ-0597,VW Saveiro,d1002352,Car
v1002091,TLA-9373,Hyundai HR,d1001456,Truck
v1002092,HOJ-5498,Mercedes Sprinter,d1001601,Van
v1002093,WMG-2315,VW Saveiro,d1001594,Car
v1002094,COH-4692,Renault Master,d1001284,Van
v1002095,JQG-0400,Mercedes Sprinter,d1002765,Van
v1002096,LFG-6999,Volvo FH,d1002851,Truck
v1002097,CRY-6004,Volvo FH,d1002945,Truck
v1002098,AYB-2656,Toyota Hilux,d1002300,Car
v1002099,XKG-6941,Volvo FH,d1001699,Truck
v1002100,GNP-2745,Iveco Daily,d1002547,Truck
v1002101,VTZ-8861,Volvo FH,d1001672,Truck
v1002102,CBR-0703,Toyota Hilux,d1001450,Car
v1002103,NHR-9907,Scania R450,d1002370,Truck
v1002104,IHG-3462,Hyundai HR,d1001428,Truck
v1002105,KZY-6283,Fiat Uno,d1001256,Car
v1002106,CCZ-2591,Renault Master,d1002516,Van
v1002107,AUY-0709,Scania R450,d1001837,Truck
v1002108,MPN-7587,Iveco Daily,d1002454,Truck
v1002109,QYM-7743,Renault Master,d1002035,Van
v1002110,WIN-7770,Volvo FH,d1002324,Truck
v1002111,SLD-3911,Renault Master,d1002193,Van
v1002112,HQK-8238,VW Delivery,d1001903,Truck
v1002113,RME-5843,Mercedes Sprinter,d1002872,Van
v1002114,UEU-1875,Volvo FH,d1002401,Truck
v1002115,LOO-7169,Fiat Uno,d1001754,Car
v1002116,OLB-9242,Hyundai HR,d1002030,Truck
v1002117,MSX-8248,Scania R450,d1002281,Truck
v1002118,FTM-4284,Hyundai HR,d1001951,Truck
v1002119,IQS-8425,Scania R450,d1001566,Truck
v1002120,DEM-2354,Mercedes Sprinter,d1002071,Van
v1002121,KSM-7462,Mercedes Sprinter,d1001115,Van
v1002122,LRE-5727,Scania R450,d1002156,Truck
v1002123,NPW-5712,Scania R450,d1002004,Truck
v1002124,IQJ-9985,Toyota Hilux,d1001587,Car
v1002125,XPA-3278,VW Saveiro,d1002957,Car
v1002126,DQX-7860,Toyota Hilux,d1002130,Car
v1002127,JSN-5434,Toyota Hilux,d1001149,Car
v1002128,UKL-4409,Hyundai HR,d1001425,Truck
v1002129,UZH-4134,Iveco Daily,d1001596,Truck
v1002130,NHM-6796,Scania R450,d1002239,Truck
v1002131,MDO-7644,Hyundai HR,d1002963,Truck
v1002132,JSE-2829,VW Delivery,d1001037,Truck
v1002133,RZB-9057,Toyota Hilux,d1002157,Car
v1002134,VMA-7773,Fiat Uno,d1001500,Car
v1002135,EZP-8057,Hyundai HR,d1001363,Truck
v1002136,QJO-4905,Renault Master,d1001367,Van
v1002137,CAE-2097,Toyota Hilux,d1002631,Car
v1002138,MAO-1713,Toyota Hilux,d1001737,Car
v1002139,DLO-5820,Volvo FH,d1002460,Truck
v1002140,XLO-9302,Fiat Uno,d1001498,Car
v1002141,NMM-6251,VW Delivery,d1001428,Truck
v1002142,DNU-4885,Mercedes Sprinter,d1001965,Van
v1002143,KYO-0803,VW Saveiro,d1002602,Car
v1002144,XAM-3658,Renault Master,d1001446,Van
v1002145,GSW-9046,Scania R450,d1001198,Truck
v1002146,SLS-7700,VW Delivery,d1001535,Truck
v1002147,JTA-7223,Iveco Daily,d1002248,Truck
v1002148,BRO-0486,Toyota Hilux,d1002804,Car
v1002149,LRS-7125,Scania R450,d1002024,Truck
v1002150,YBE-1965,Mercedes Sprinter,d1002196,Van
v1002151,SKY-9152,Hyundai HR,d1001474,Truck
v1002152,LWL-4397,Fiat Uno,d1002431,Car
v1002153,TZI-3263,VW Saveiro,d1001039,Car
v1002154,CER-7624,Renault Master,d1002093,Van
v1002155,GRK-4885,Iveco Daily,d1001968,Truck
v1002156,QFQ-7021,VW Saveiro,d1002730,Car
v1002157,HGF-0095,VW Delivery,d1001442,Truck
v1002158,XMM-7802,Mercedes Sprinter,d1001333,Van
v1002159,HSK-3043,Iveco Daily,d1002725,Truck
v1002160,ZZA-5160,Fiat Uno,d1002233,Car
v1002161,DJU-0647,Iveco Daily,d1001814,Truck
v1002162,HLG-1873,Mercedes Sprinter,d1001622,Van
v1002163,UEP-9562,VW Delivery,d1002647,Truck
v1002164,FKG-4556,Hyundai HR,d1001897,Truck
v1002165,ZOH-4223,Scania R450,d1001285,Truck
v1002166,AZX-4406,VW Delivery,d1002075,Truck
v1002167,VBR-1955,Fiat Uno,d1001064,Car
v1002168,AUE-3166,VW Delivery,d1002915,Truck
v1002169,QSR-3372,Volvo FH,d1001167,Truck
v1002170,TTG-8198,Iveco Daily,d1002707,Truck
v1002171,EBK-6024,VW Delivery,d1001011,Truck
v1002172,ETY-7411,Volvo FH,d1001164,Truck
v1002173,HJZ-7344,Hyundai HR,d1001998,Truck
v1002174,XFV-1953,Renault Master,d1002833,Van
v1002175,HNO-7622,VW Saveiro,d1002921,Car
v1002176,GAT-7019,Hyundai HR,d1002053,Truck
v1002177,YBQ-6408,Volvo FH,d1001501,Truck
v1002178,RCI-4173,Toyota Hilux,d1001107,Car
v1002179,PPM-1878,Hyundai HR,d1001288,Truck
v1002180,VQO-5822,VW Delivery,d1002377,Truck
v1002181,TXX-3675,Mercedes Sprinter,d1002648,Van
v1002182,ILI-0417,Fiat Uno,d1002847,Car
v1002183,EHX-8986,Scania R450,d1002469,Truck
v1002184,UXX-5496,Fiat Uno,d1002300,Car
v1002185,JZI-6129,Renault Master,d1001498,Van
v1002186,OZY-3248,Scania R450,d1001716,Truck
v1002187,HMD-8018,VW Saveiro,d1002102,Car
v1002188,TME-5818,Iveco Daily,d1002230,Truck
v1002189,JOO-9128,VW Delivery,d1001071,Truck
v1002190,YJG-3367,VW Delivery,d1001757,Truck
v1002191,VOL-7625,Iveco Daily,d1001499,Truck
v1002192,YPZ-6427,Mercedes Sprinter,d1002822,Van
v1002193,ZHN-8802,Renault Master,d1002030,Van
v1002194,KFW-3835,Iveco Daily,d1002862,Truck
v1002195,JSD-6404,Fiat Uno,d1002760,Car
v1002196,WSD-7691,VW Saveiro,d1001466,Car
v1002197,IQA-2134,Fiat Uno,d1002336,Car
v1002198,HCB-2993,VW Saveiro,d1002665,Car
v1002199,YBA-7704,Fiat Uno,d1002011,Car
v1002200,OZS-4245,Mercedes Sprinter,d1002882,Van
v1002201,SIS-3802,Scania R450,d1001485,Truck
v1002202,LZY-3587,Renault Master,d1001988,Van
v1002203,JVL-8521,VW Saveiro,d1001796,Car
v1002204,BHX-1156,Iveco Daily,d1002228,Truck
v1002205,WNN-1383,Hyundai HR,d1001374,Truck
v1002206,EBQ-2717,Iveco Daily,d1002961,Truck
v1002207,TZS-5990,Toyota Hilux,d1002488,Car
v1002208,DRY-7651,VW Delivery,d1002935,Truck
v1002209,SQE-6182,Iveco Daily,d1001659,Truck
v1002210,SUC-6473,Mercedes Sprinter,d1002391,Van
v1002211,EXR-0435,Toyota Hilux,d1002943,Car
v1002212,OVD-1519,Toyota Hilux,d1001233,Car
v1002213,DTL-0056,Iveco Daily,d1001256,Truck
v1002214,OWS-3221,Mercedes Sprinter,d1001070,Van
v1002215,VMU-5514,VW Delivery,d1001159,Truck
v1002216,LFE-5397,Mercedes Sprinter,d1002960,Van
v1002217,TDF-2655,Toyota Hilux,d1001924,Car
v1002218,LTH-5579,Fiat Uno,d1001504,Car
v1002219,PCX-8843,VW Delivery,d1001971,Truck
v1002220,PXV-7601,Mercedes Sprinter,d1001402,Van
v1002221,LEW-5481,Hyundai HR,d1002538,Truck
v1002222,PLY-1292,Fiat Uno,d1001060,Car
v1002223,XIR-6897,Toyota Hilux,d1002089,Car
v1002224,VEE-5950,Iveco Daily,d1001213,Truck
v1002225,SRT-1228,VW Delivery,d1001451,Truck
v1002226,QYX-4374,VW Saveiro,d1002389,Car
v1002227,TOZ-0239,Volvo FH,d1002892,Truck
v1002228,EDD-3077,Mercedes Sprinter,d1002756,Van
v1002229,MOA-2350,Iveco Daily,d1001160,Truck
v1002230,DUH-7262,Volvo FH,d1002611,Truck
v1002231,LGO-0626,Fiat Uno,d1001121,Car
v1002232,XAT-2206,VW Delivery,d1002429,Truck
v1002233,UNM-8642,Hyundai HR,d1002955,Truck
v1002234,CAN-1083,VW Delivery,d1001959,Truck
v1002235,PNF-5799,Volvo FH,d1001846,Truck
v1002236,QHK-8979,Fiat Uno,d1002484,Car
v1002237,RLE-2765,Hyundai HR,d1002549,Truck
v1002238,ETK-2144,Iveco Daily,d1002916,Truck
v1002239,BLL-3040,Iveco Daily,d1002352,Truck
v1002240,PXX-6356,VW Delivery,d1001326,Truck
v1002241,AGT-9667,Volvo FH,d1002112,Truck
v1002242,ABQ-0477,Volvo FH,d1001358,Truck
v1002243,BFX-5799,Hyundai HR,d1002913,Truck
v1002244,VKR-6100,Scania R450,d1002981,Truck
v1002245,EHL-1885,Fiat Uno,d1001960,Car
v1002246,NCE-7057,Hyundai HR,d1001971,Truck
v1002247,YWF-7940,VW Saveiro,d1001962,Car
v1002248,YBS-3929,Mercedes Sprinter,d1001802,Van
v1002249,LVN-7436,Fiat Uno,d1002485,Car
v1002250,CGR-7406,VW Saveiro,d1001332,Car
v1002251,EVE-8102,Volvo FH,d1001367,Truck
v1002252,HMG-1955,Hyundai HR,d1001674,Truck
v1002253,AMC-3954,Mercedes Sprinter,d1002718,Van
v1002254,SZD-1270,Hyundai HR,d1001435,Truck
v1002255,WSV-8445,Hyundai HR,d1002469,Truck
v1002256,UNG-3860,Renault Master,d1001044,Van
v1002257,QUT-2453,Iveco Daily,d1002305,Truck
v1002258,OFK-0218,Toyota Hilux,d1002217,Car
v1002259,NUK-9122,VW Delivery,d1001626,Truck
v1002260,BTN-2268,Hyundai HR,d1002356,Truck
v1002261,KYM-9978,Iveco Daily,d1002351,Truck
v1002262,JLP-1471,VW Delivery,d1002613,Truck
v1002263,ZXM-7744,Volvo FH,d1002936,Truck
v1002264,DYH-7574,VW Saveiro,d1001082,Car
v1002265,VQH-4223,Hyundai HR,d1001634,Truck
v1002266,UZE-5185,Toyota Hilux,d1002114,Car
v1002267,ELA-9636,Iveco Daily,d1002112,Truck
v1002268,FWP-7641,VW Saveiro,d1001607,Car
v1002269,IQU-7589,Mercedes Sprinter,d1002444,Van
v1002270,DQM-0792,Hyundai HR,d1001294,Truck
v1002271,PYH-5975,VW Saveiro,d1001346,Car
v1002272,XRV-7416,Scania R450,d1002136,Truck
v1002273,HJQ-1690,VW Delivery,d1001433,Truck
v1002274,FKM-7365,Renault Master,d1001305,Van
v1002275,MQT-2835,Toyota Hilux,d1002426,Car
v1002276,PFH-2589,VW Delivery,d1001449,Truck
v1002277,YGZ-8801,Iveco Daily,d1002810,Truck
v1002278,NOC-0643,Mercedes Sprinter,d1001844,Van
v1002279,LXD-4133,Iveco Daily,d1002451,Truck
v1002280,TTY-1668,VW Delivery,d1002107,Truck
v1002281,MUZ-1758,Mercedes Sprinter,d1001423,Van
v1002282,CYY-4275,VW Saveiro,d1001631,Car
v1002283,YRR-0033,VW Delivery,d1002424,Truck
v1002284,DTE-4005,Scania R450,d1002522,Truck
v1002285,DSN-3931,Mercedes Sprinter,d1002021,Van
v1002286,RRR-6407,Toyota Hilux,d1001423,Car
v1002287,XJB-0225,Scania R450,d1001490,Truck
v1002288,FOY-9070,Renault Master,d1001235,Van
v1002289,NCL-0676,Renault Master,d1001255,Van
v1002290,ALC-9436,Volvo FH,d1001613,Truck
v1002291,GCJ-4827,Iveco Daily,d1001854,Truck
v1002292,YZQ-7875,VW Saveiro,d1001748,Car
v1002293,XCE-8432,Scania R450,d1002178,Truck
v1002294,NYX-2832,Toyota Hilux,d1002996,Car
v1002295,FKP-1061,Iveco Daily,d1002425,Truck
v1002296,LIG-7733,Volvo FH,d1001310,Truck
v1002297,JSQ-9774,Scania R450,d1001782,Truck
v1002298,JJL-0010,Renault Master,d1001914,Van
v1002299,ZFE-4931,Mercedes Sprinter,d1002292,Van
v1002300,WSE-1090,Iveco Daily,d1001921,Truck
v1002301,DBF-3658,VW Delivery,d1002401,Truck
v1002302,DID-3303,VW Saveiro,d1002534,Car
v1002303,VWY-7344,Volvo FH,d1002954,Truck
v1002304,IXF-1414,Mercedes Sprinter,d1001538,Van
v1002305,SQQ-1280,Fiat Uno,d1001511,Car
v1002306,WCJ-0350,Volvo FH,d1001505,Truck
v1002307,GHP-6494,Mercedes Sprinter,d1002228,Van
v1002308,TVS-2484,VW Saveiro,d1002358,Car
v1002309,VZY-5203,Scania R450,d1001049,Truck
v1002310,CLE-1223,Iveco Daily,d1001532,Truck
v1002311,OHV-4490,Scania R450,d1001435,Truck
v1002312,RKD-2785,Renault Master,d1001580,Van
v1002313,ZPZ-3294,Fiat Uno,d1001255,Car
v1002314,ZPZ-0320,Volvo FH,d1001983,Truck
v1002315,XTJ-9647,Hyundai HR,d1002059,Truck
v1002316,FJF-2500,Volvo FH,d1002189,Truck
v1002317,UJZ-2311,Renault Master,d1001764,Van
v1002318,VLX-0179,Fiat Uno,d1001281,Car
v1002319,JZE-6913,Volvo FH,d1002725,Truck
v1002320,MMC-6192,Fiat Uno,d1002042,Car
v1002321,ZHH-9641,Toyota Hilux,d1002107,Car
v1002322,QRA-8261,VW Saveiro,d1001450,Car
v1002323,ZGQ-2629,Renault Master,d1002914,Van
v1002324,XAL-6566,VW Saveiro,d1002712,Car
v1002325,FMG-7140,Volvo FH,d1001222,Truck
v1002326,UUJ-1329,Hyundai HR,d1003000,Truck
v1002327,SSC-8114,Fiat Uno,d1002567,Car
v1002328,QJZ-5644,Hyundai HR,d1002502,Truck
v1002329,WFC-8628,Hyundai HR,d1001590,Truck
v1002330,OTG-9084,Toyota Hilux,d1001123,Car
v1002331,MYV-1324,Iveco Daily,d1001330,Truck
v1002332,HPV-4398,Renault Master,d1001366,Van
v1002333,IEH-0346,Fiat Uno,d1001335,Car
v1002334,JSY-0385,Toyota Hilux,d1001112,Car
v1002335,FTM-7594,Toyota Hilux,d1002742,Car
v1002336,YPY-3889,Volvo FH,d1002325,Truck
v1002337,KBB-4645,Fiat Uno,d1001623,Car
v1002338,RLV-5886,Mercedes Sprinter,d1002980,Van
v1002339,MQR-6329,Volvo FH,d1002133,Truck
v1002340,GQR-9322,VW Saveiro,d1001387,Car
v1002341,MRB-1605,Iveco Daily,d1002394,Truck
v1002342,TJF-1328,Hyundai HR,d1002138,Truck
v1002343,GDX-5976,VW Delivery,d1001633,Truck
v1002344,GFN-8795,Renault Master,d1001243,Van
v1002345,UZP-3192,Fiat Uno,d1002643,Car
v1002346,GUB-9757,Iveco Daily,d1001286,Truck
v1002347,IWH-9358,Volvo FH,d1002639,Truck
v1002348,FGD-5347,VW Saveiro,d1002604,Car
v1002349,JJA-2697,Scania R450,d1001433,Truck
v1002350,LNW-9908,Fiat Uno,d1002303,Car
v1002351,JOC-9565,Mercedes Sprinter,d1001480,Van
v1002352,NTG-5273,Mercedes Sprinter,d1002643,Van
v1002353,GYG-9243,Fiat Uno,d1001493,Car
v1002354,QDR-1460,VW Saveiro,d1001464,Car
v1002355,OGG-2718,Hyundai HR,d1002111,Truck
v1002356,NVV-4907,Toyota Hilux,d1002748,Car
v1002357,QAZ-1651,Renault Master,d1002628,Van
v1002358,YIG-5215,Iveco Daily,d1002345,Truck
v1002359,GBO-0467,Scania R450,d1001167,Truck
v1002360,IXL-6332,VW Saveiro,d1001417,Car
v1002361,BCE-2638,Mercedes Sprinter,d1001300,Van
v1002362,WYH-0498,Toyota Hilux,d1002616,Car
v1002363,YWE-4351,Renault Master,d1002093,Van
v1002364,UDG-9452,Mercedes Sprinter,d1002085,Van
v1002365,SKD-1945,Scania R450,d1001093,Truck
v1002366,REW-4261,Volvo FH,d1001524,Truck
v1002367,CSJ-2125,Renault Master,d1001929,Van
v1002368,ZTF-9329,Iveco Daily,d1001658,Truck
v1002369,IRJ-1854,VW Delivery,d1002342,Truck
v1002370,LGN-3885,VW Delivery,d1002125,Truck
v1002371,WVL-8587,Fiat Uno,d1002538,Car
v1002372,WPD-5264,Volvo FH,d1001048,Truck
v1002373,DII-2863,VW Saveiro,d1001182,Car
v1002374,HKK-7439,Iveco Daily,d1001804,Truck
v1002375,SJZ-7085,Toyota Hilux,d1002592,Car
v1002376,ASP-7315,Toyota Hilux,d1002694,Car
v1002377,UJZ-1103,VW Delivery,d1002522,Truck
v1002378,RRG-1065,VW Saveiro,d1001971,Car
v1002379,THE-8660,Iveco Daily,d1001274,Truck
v1002380,IFV-4091,Mercedes Sprinter,d1001124,Van
v1002381,HQW-7270,VW Saveiro,d1001503,Car
v1002382,DVC-1680,Fiat Uno,d1001333,Car
v1002383,GBC-6858,Hyundai HR,d1001143,Truck
v1002384,HZC-1612,Volvo FH,d1002408,Truck
v1002385,WOR-1495,VW Saveiro,d1002049,Car
v1002386,UZM-9557,VW Saveiro,d1002051,Car
v1002387,ELO-0622,Iveco Daily,d1001941,Truck
v1002388,YRN-5033,Renault Master,d1002289,Van
v1002389,XJL-8786,VW Saveiro,d1001924,Car
v1002390,WBG-1088,Iveco Daily,d1001527,Truck
v1002391,TVE-9707,VW Delivery,d1002223,Truck
v1002392,KUE-9045,VW Saveiro,d1002292,Car
v1002393,LDT-7172,Toyota Hilux,d1002315,Car
v1002394,BOB-8070,Volvo FH,d1001035,Truck
v1002395,XWD-7496,Toyota Hilux,d1002655,Car
v1002396,BOR-7269,Toyota Hilux,d1002325,Car
v1002397,WJH-1293,Renault Master,d1002763,Van
v1002398,VXI-2315,Fiat Uno,d1001991,Car
v1002399,IIG-2430,Volvo FH,d1002210,Truck
v1002400,EFT-0231,Iveco Daily,d1002812,Truck
v1002401,IRF-5704,Hyundai HR,d1001799,Truck
v1002402,EUC-8767,VW Delivery,d1002042,Truck
v1002403,NEB-1139,Renault Master,d1002541,Van
v1002404,VFK-3726,Fiat Uno,d1002347,Car
v1002405,NPO-2998,Mercedes Sprinter,d1001436,Van
v1002406,GCI-5573,Iveco Daily,d1002598,Truck
v1002407,QDU-0573,VW Delivery,d1002905,Truck
v1002408,RZQ-7173,VW Saveiro,d1002330,Car
v1002409,MQX-3847,VW Delivery,d1002308,Truck
v1002410,KFG-3240,Renault Master,d1002702,Van
v1002411,ATI-3665,Toyota Hilux,d1002375,Car
v1002412,GEZ-4882,Volvo FH,d1001923,Truck
v1002413,AYG-3380,Toyota Hilux,d1002078,Car
v1002414,WLR-2125,Fiat Uno,d1001231,Car
v1002415,UFC-4832,Renault Master,d1001471,Van
v1002416,DQW-4226,Volvo FH,d1002256,Truck
v1002417,VAD-3336,Scania R450,d1001128,Truck
v1002418,LXL-7915,Mercedes Sprinter,d1001107,Van
v1002419,NSF-7528,Toyota Hilux,d1002322,Car
v1002420,DBH-1055,Mercedes Sprinter,d1001224,Van
v1002421,QRP-3942,VW Delivery,d1001953,Truck
v1002422,USJ-4026,VW Delivery,d1002933,Truck
v1002423,SRX-9568,VW Delivery,d1002989,Truck
v1002424,SDY-8959,Iveco Daily,d1002980,Truck
v1002425,UNV-3126,Mercedes Sprinter,d1001734,Van
v1002426,FZY-9782,Renault Master,d1003000,Van
v1002427,AIX-4538,Renault Master,d1001909,Van
v1002428,JHK-2998,Mercedes Sprinter,d1002333,Van
v1002429,TFR-4964,Scania R450,d1001357,Truck
v1002430,TXQ-9748,Iveco Daily,d1002614,Truck
v1002431,HKJ-8219,Fiat Uno,d1001181,Car
v1002432,ZFG-8233,Fiat Uno,d1001490,Car
v1002433,EVP-9270,Iveco Daily,d1002366,Truck
v1002434,TAB-6444,Toyota Hilux,d1001699,Car
v1002435,MAO-6039,Fiat Uno,d1002870,Car
v1002436,KFR-4218,VW Delivery,d1001116,Truck
v1002437,JPV-5149,Mercedes Sprinter,d1002825,Van
v1002438,TWJ-0111,Hyundai HR,d1001252,Truck
v1002439,JXY-6693,Renault Master,d1002899,Van
v1002440,KUH-2810,VW Saveiro,d1001613,Car
v1002441,HSU-7485,Scania R450,d1001711,Truck
v1002442,JLW-1059,Renault Master,d1001897,Van
v1002443,MFL-0195,Iveco Daily,d1001822,Truck
v1002444,DTK-1219,VW Saveiro,d1002911,Car
v1002445,PKK-8503,Scania R450,d1002785,Truck
v1002446,LLH-4768,Fiat Uno,d1001951,Car
v1002447,CFQ-0351,Iveco Daily,d1002696,Truck
v1002448,JUK-5293,Toyota Hilux,d1002097,Car
v1002449,QLI-5437,Fiat Uno,d1002981,Car
v1002450,SHY-4090,Fiat Uno,d1002797,Car
v1002451,QSD-9228,Mercedes Sprinter,d1002671,Van
v1002452,ZYP-0105,Fiat Uno,d1001881,Car
v1002453,ICO-1865,Renault Master,d1002430,Van
v1002454,MAP-1931,Mercedes Sprinter,d1002308,Van
v1002455,SOQ-9219,Volvo FH,d1002872,Truck
v1002456,KBW-5820,Iveco Daily,d1001209,Truck
v1002457,FRV-5828,Renault Master,d1002945,Van
v1002458,HNS-7941,VW Delivery,d1002699,Truck
v1002459,PBI-8136,Fiat Uno,d1002757,Car
v1002460,AEY-5310,Scania R450,d1002454,Truck
v1002461,FXX-0819,VW Delivery,d1002504,Truck
v1002462,VEJ-7559,VW Saveiro,d1001779,Car
v1002463,PQU-4174,VW Delivery,d1001782,Truck
v1002464,RRG-1372,Toyota Hilux,d1001393,Car
v1002465,DQD-9334,Iveco Daily,d1002908,Truck
v1002466,CEZ-4940,Iveco Daily,d1001013,Truck
v1002467,UOJ-4934,Renault Master,d1001190,Van
v1002468,XLE-2497,Scania R450,d1001919,Truck
v1002469,APZ-5686,VW Delivery,d1001393,Truck
v1002470,DOX-2419,VW Delivery,d1001189,Truck
v1002471,PNM-9377,Hyundai HR,d1001100,Truck
v1002472,PXO-6581,Fiat Uno,d1001210,Car
v1002473,VDT-1074,Volvo FH,d1001726,Truck
v1002474,IFA-5556,Mercedes Sprinter,d1001523,Van
v1002475,GVU-4222,VW Saveiro,d1002115,Car
v1002476,AJY-7526,Scania R450,d1001858,Truck
v1002477,LOM-4515,VW Saveiro,d1001048,Car
v1002478,DJH-0341,Hyundai HR,d1001091,Truck
v1002479,YFZ-4842,VW Saveiro,d1002407,Car
v1002480,BGW-5615,Iveco Daily,d1001080,Truck
v1002481,JOA-7407,Hyundai HR,d1002432,Truck
v1002482,IOQ-1679,Renault Master,d1002060,Van
v1002483,LWF-0162,Iveco Daily,d1002190,Truck
v1002484,WDL-2678,Toyota Hilux,d1001019,Car
v1002485,OSB-3831,Renault Master,d1001234,Van
v1002486,CSK-7582,VW Delivery,d1002967,Truck
v1002487,JUT-2853,Mercedes Sprinter,d1002647,Van
v1002488,SWV-4630,VW Delivery,d1002946,Truck
v1002489,EVJ-7352,VW Delivery,d1001100,Truck
v1002490,GMS-3427,Hyundai HR,d1001614,Truck
v1002491,JKH-0716,VW Delivery,d1002512,Truck
v1002492,TEQ-8150,Volvo FH,d1002951,Truck
v1002493,ZWF-2410,VW Delivery,d1001748,Truck
v1002494,IRW-5406,Renault Master,d1001175,Van
v1002495,IPS-2899,VW Delivery,d1001309,Truck
v1002496,BFO-0293,Renault Master,d1001896,Van
v1002497,HCD-1606,Renault Master,d1002728,Van
v1002498,TNF-1948,Toyota Hilux,d1002270,Car
v1002499,PCD-5469,VW Delivery,d1002000,Truck
v1002500,SWS-4909,Mercedes Sprinter,d1002337,Van
v1002501,SBO-6224,Hyundai HR,d1002815,Truck
v1002502,BWZ-8724,Toyota Hilux,d1001693,Car
v1002503,QNZ-8501,Iveco Daily,d1002007,Truck
v1002504,CDT-6790,Hyundai HR,d1002520,Truck
v1002505,RRU-0858,Mercedes Sprinter,d1002394,Van
v1002506,UHK-2221,Renault Master,d1001818,Van
v1002507,QRL-8322,VW Saveiro,d1001943,Car
v1002508,MKG-7079,Scania R450,d1002485,Truck
v1002509,VGV-3311,Scania R450,d1002481,Truck
v1002510,IQJ-1574,Scania R450,d1001171,Truck
v1002511,PPS-3952,Toyota Hilux,d1001689,Car
v1002512,YBL-1420,Mercedes Sprinter,d1002830,Van
v1002513,TCG-3835,Renault Master,d1002998,Van
v1002514,TKA-6608,Volvo FH,d1001661,Truck
v1002515,ZTI-4415,Hyundai HR,d1002843,Truck
v1002516,XJK-5087,Mercedes Sprinter,d1002386,Van
v1002517,MLP-8307,Toyota Hilux,d1001940,Car
v1002518,BZY-6510,Fiat Uno,d1001401,Car
v1002519,NRQ-3315,VW Delivery,d1001964,Truck
v1002520,DHJ-2744,Fiat Uno,d1002625,Car
v1002521,PUR-5696,Volvo FH,d1002619,Truck
v1002522,YYX-6447,Renault Master,d1001086,Van
v1002523,SNF-7518,Toyota Hilux,d1001047,Car
v1002524,KGQ-9765,Renault Master,d1001686,Van
v1002525,MHH-9926,Volvo FH,d1001853,Truck
v1002526,VUX-9168,Scania R450,d1002703,Truck
v1002527,HOD-6909,VW Delivery,d1002296,Truck
v1002528,ALL-6659,Renault Master,d1002846,Van
v1002529,KHH-0150,VW Saveiro,d1002058,Car
v1002530,AHW-6386,Scania R450,d1001784,Truck
v1002531,GSL-1731,Mercedes Sprinter,d1001780,Van
v1002532,MAF-0091,Iveco Daily,d1001472,Truck
v1002533,YYE-5474,Scania R450,d1002974,Truck
v1002534,DEE-9286,Scania R450,d1001718,Truck
v1002535,BEG-8469,VW Saveiro,d1002744,Car
v1002536,UYE-5020,Fiat Uno,d1001693,Car
v1002537,HBQ-4194,Renault Master,d1002986,Van
v1002538,ZZV-9696,VW Saveiro,d1001252,Car
v1002539,XAV-9830,Mercedes Sprinter,d1001033,Van
v1002540,AGJ-2625,Fiat Uno,d1001942,Car
v1002541,PVY-7054,Volvo FH,d1002646,Truck
v1002542,BRT-6772,Iveco Daily,d1001833,Truck
v1002543,QSR-4129,Volvo FH,d1001429,Truck
v1002544,EHU-7054,VW Delivery,d1002195,Truck
v1002545,GRV-0377,VW Delivery,d1001991,Truck
v1002546,ODU-2356,Toyota Hilux,d1001116,Car
v1002547,GSO-4405,Volvo FH,d1001885,Truck
v1002548,IUM-1291,Fiat Uno,d1002753,Car
v1002549,JCC-0451,Fiat Uno,d1001920,Car
v1002550,AFG-3008,Renault Master,d1001769,Van
v1002551,TDN-9004,Iveco Daily,d1002847,Truck
v1002552,SUF-3751,Volvo FH,d1002851,Truck
v1002553,QHQ-2503,Scania R450,d1001384,Truck
v1002554,EDQ-3429,Renault Master,d1001283,Van
v1002555,XEP-7520,Scania R450,d1001632,Truck
v1002556,NLS-7834,Renault Master,d1001279,Van
v1002557,DQU-6206,Scania R450,d1001713,Truck
v1002558,OSY-7767,Renault Master,d1001530,Van
v1002559,UTX-9861,Mercedes Sprinter,d1001662,Van
v1002560,NIQ-7532,Mercedes Sprinter,d1002265,Van
v1002561,CJH-9665,Fiat Uno,d1001721,Car
v1002562,UWE-5101,Volvo FH,d1002556,Truck
v1002563,CWF-3036,Volvo FH,d1001936,Truck
v1002564,MGA-9998,Renault Master,d1002463,Van
v1002565,IQD-0840,VW Delivery,d1001644,Truck
v1002566,MUL-4072,VW Saveiro,d1001599,Car
v1002567,TAW-2292,Iveco Daily,d1002557,Truck
v1002568,WSV-4585,VW Delivery,d1002101,Truck
v1002569,PPY-7407,Scania R450,d1002293,Truck
v1002570,CKR-3466,Iveco Daily,d1001613,Truck
v1002571,DFS-8174,Mercedes Sprinter,d1001460,Van
v1002572,GDT-0440,Volvo FH,d1002668,Truck
v1002573,WHE-0983,VW Saveiro,d1001261,Car
v1002574,EIA-9310,Fiat Uno,d1001879,Car
v1002575,NLB-2037,VW Delivery,d1002938,Truck
v1002576,ODX-0439,Iveco Daily,d1001657,Truck
v1002577,CJQ-5574,VW Saveiro,d1001003,Car
v1002578,IYR-4714,Iveco Daily,d1002492,Truck
v1002579,LSL-5892,Hyundai HR,d1001350,Truck
v1002580,FQO-2936,Mercedes Sprinter,d1001303,Van
v1002581,MZS-8415,VW Saveiro,d1002704,Car
v1002582,YPN-4778,VW Saveiro,d1001940,Car
v1002583,WCQ-2702,Mercedes Sprinter,d1002697,Van
v1002584,EFF-4317,Toyota Hilux,d1002175,Car
v1002585,RRK-6421,Volvo FH,d1001478,Truck
v1002586,HQL-6842,Mercedes Sprinter,d1002254,Van
v1002587,KBU-7594,Volvo FH,d1002051,Truck
v1002588,ZGQ-4778,Scania R450,d1002366,Truck
v1002589,JZW-3186,Toyota Hilux,d1002911,Car
v1002590,PTK-6420,VW Delivery,d1002661,Truck
v1002591,FUA-8120,Mercedes Sprinter,d1001275,Van
v1002592,OMX-4602,Renault Master,d1001714,Van
v1002593,XQY-8719,Hyundai HR,d1001270,Truck
v1002594,ZYW-9170,Hyundai HR,d1002365,Truck
v1002595,CCO-8772,VW Delivery,d1002858,Truck
v1002596,LHG-3526,Hyundai HR,d1001443,Truck
v1002597,KQV-8505,Volvo FH,d1001465,Truck
v1002598,DPO-5440,Iveco Daily,d1001464,Truck
v1002599,SZM-1737,Iveco Daily,d1002943,Truck
v1002600,GQG-7174,Toyota Hilux,d1001353,Car
v1002601,MLJ-8723,Mercedes Sprinter,d1002821,Van
v1002602,KGE-5297,Fiat Uno,d1002394,Car
v1002603,BVS-1906,Mercedes Sprinter,d1002454,Van
v1002604,BAF-4650,VW Saveiro,d1002546,Car
v1002605,FQN-1901,Iveco Daily,d1002884,Truck
v1002606,PCW-0744,Iveco Daily,d1002930,Truck
v1002607,EQO-9642,Iveco Daily,d1001255,Truck
v1002608,OQS-8945,VW Delivery,d1002824,Truck
v1002609,ZKR-3995,Hyundai HR,d1001046,Truck
v1002610,MMR-8722,Mercedes Sprinter,d1001079,Van
v1002611,YKE-2458,Iveco Daily,d1001876,Truck
v1002612,PTZ-8226,Toyota Hilux,d1001623,Car
v1002613,ELA-5878,VW Saveiro,d1002103,Car
v1002614,PIM-6804,Mercedes Sprinter,d1002346,Van
v1002615,UQS-3682,VW Delivery,d1002996,Truck
v1002616,JGA-6701,Hyundai HR,d1002238,Truck
v1002617,CVK-3728,Hyundai HR,d1002351,Truck
v1002618,SPN-4215,Scania R450,d1002058,Truck
v1002619,PLV-0651,VW Saveiro,d1002014,Car
v1002620,IOO-3017,Renault Master,d1001338,Van
v1002621,CVT-8351,VW Delivery,d1001624,Truck
v1002622,JLM-1548,VW Saveiro,d1001446,Car
v1002623,MLS-2762,Toyota Hilux,d1001419,Car
v1002624,YGU-9693,Scania R450,d1002648,Truck
v1002625,BGH-3437,Renault Master,d1001588,Van
v1002626,XVU-0562,VW Saveiro,d1002552,Car
v1002627,PAF-1137,Toyota Hilux,d1001511,Car
v1002628,OBT-4854,Renault Master,d1001669,Van
v1002629,NHY-4047,Toyota Hilux,d1001915,Car
v1002630,LSV-5040,Fiat Uno,d1001806,Car
v1002631,LJL-3701,Toyota Hilux,d1002547,Car
v1002632,PSV-2451,Scania R450,d1001829,Truck
v1002633,SND-8538,Mercedes Sprinter,d1001724,Van
v1002634,UBI-3334,Renault Master,d1001437,Van
v1002635,MCQ-3042,Renault Master,d1001413,Van
v1002636,LFM-9224,VW Saveiro,d1002035,Car
v1002637,CNO-5374,Mercedes Sprinter,d1002185,Van
v1002638,EUC-0077,Volvo FH,d1002321,Truck
v1002639,MYF-9882,Volvo FH,d1002495,Truck
v1002640,KNM-4656,Iveco Daily,d1001248,Truck
v1002641,UAH-1245,VW Saveiro,d1002794,Car
v1002642,YCE-7493,Hyundai HR,d1001092,Truck
v1002643,SYD-4428,Iveco Daily,d1001207,Truck
v1002644,VNX-8096,Scania R450,d1002404,Truck
v1002645,OAH-9254,Fiat Uno,d1002166,Car
v1002646,HKH-0209,Scania R450,d1002738,Truck
v1002647,AVS-1131,Fiat Uno,d1001617,Car
v1002648,FVU-9349,Scania R450,d1002116,Truck
v1002649,MIJ-0044,Volvo FH,d1002900,Truck
v1002650,UAS-9553,VW Saveiro,d1002460,Car
v1002651,OYR-3766,Toyota Hilux,d1001679,Car
v1002652,UDJ-2631,Volvo FH,d1002660,Truck
v1002653,EPX-0817,Fiat Uno,d1002883,Car
v1002654,TGR-6738,Hyundai HR,d1002174,Truck
v1002655,GPN-5481,Scania R450,d1001486,Truck
v1002656,ONS-0310,Toyota Hilux,d1002403,Car
v1002657,SDD-8963,Volvo FH,d1001302,Truck
v1002658,FVI-9039,Scania R450,d1002866,Truck
v1002659,YQH-8363,Iveco Daily,d1001623,Truck
v1002660,NGU-9174,Volvo FH,d1001299,Truck
v1002661,POU-2930,Volvo FH,d1001198,Truck
v1002662,EID-8928,Volvo FH,d1002746,Truck
v1002663,BKT-0933,VW Saveiro,d1002804,Car
v1002664,TLS-0060,VW Saveiro,d1002192,Car
v1002665,QVM-1988,VW Saveiro,d1002996,Car
v1002666,IOP-3613,Hyundai HR,d1001329,Truck
v1002667,DAW-0496,Scania R450,d1001269,Truck
v1002668,WAL-3856,Toyota Hilux,d1002021,Car
v1002669,VWI-2866,VW Delivery,d1002157,Truck
v1002670,BDQ-3788,Volvo FH,d1002913,Truck
v1002671,BCW-2793,Toyota Hilux,d1001828,Car
v1002672,ETP-6008,Volvo FH,d1001143,Truck
v1002673,ILM-6772,Fiat Uno,d1002993,Car
v1002674,PRX-3618,Volvo FH,d1002181,Truck
v1002675,WYB-5288,Fiat Uno,d1001545,Car
v1002676,RCN-3186,VW Delivery,d1001455,Truck
v1002677,RMP-4395,Volvo FH,d1002354,Truck
v1002678,ZNW-0806,VW Delivery,d1002363,Truck
v1002679,BZL-1164,Toyota Hilux,d1001418,Car
v1002680,OCG-2204,VW Saveiro,d1002577,Car
v1002681,PKN-9936,Scania R450,d1002894,Truck
v1002682,SOO-6479,VW Delivery,d1001322,Truck
v1002683,RDY-4673,Mercedes Sprinter,d1001834,Van
v1002684,NZT-1142,Volvo FH,d1001708,Truck
v1002685,BOR-8506,Iveco Daily,d1002145,Truck
v1002686,SWP-9003,Iveco Daily,d1002466,Truck
v1002687,IEB-6324,Toyota Hilux,d1001253,Car
v1002688,QGC-6322,Mercedes Sprinter,d1002827,Van
v1002689,LIN-8683,Toyota Hilux,d1002905,Car
v1002690,SMO-4192,Iveco Daily,d1002081,Truck
v1002691,CRD-8583,Fiat Uno,d1001393,Car
v1002692,HYQ-5041,Fiat Uno,d1001053,Car
v1002693,PIC-2472,Toyota Hilux,d1001075,Car
v1002694,GOC-4447,Toyota Hilux,d1001769,Car
v1002695,LNQ-7766,VW Saveiro,d1002514,Car
v1002696,TIN-1551,Hyundai HR,d1001993,Truck
v1002697,LVZ-4845,Renault Master,d1002771,Van
v1002698,NRL-0912,Renault Master,d1002245,Van
v1002699,RKS-1636,Renault Master,d1002726,Van
v1002700,JBB-8798,VW Saveiro,d1001675,Car
v1002701,OVF-1413,Toyota Hilux,d1001365,Car
v1002702,NMQ-1068,Toyota Hilux,d1002086,Car
v1002703,YGJ-9222,Fiat Uno,d1002223,Car
v1002704,AXG-1929,Volvo FH,d1002871,Truck
v1002705,DJB-1490,Hyundai HR,d1001100,Truck
v1002706,DMQ-9100,Hyundai HR,d1002097,Truck
v1002707,WWK-5305,Mercedes Sprinter,d1002157,Van
v1002708,ASQ-2908,Scania R450,d1001962,Truck
v1002709,RQE-8723,Volvo FH,d1001795,Truck
v1002710,YJS-7511,VW Delivery,d1001850,Truck
v1002711,RJX-3019,VW Saveiro,d1001644,Car
v1002712,FSA-5484,Hyundai HR,d1001217,Truck
v1002713,MNR-4703,Fiat Uno,d1002525,Car
v1002714,AGA-1641,Renault Master,d1002127,Van
v1002715,STR-5481,Fiat Uno,d1001805,Car
v1002716,LHM-8974,Toyota Hilux,d1002500,Car
v1002717,KVE-4963,Volvo FH,d1001553,Truck
v1002718,GQR-0663,Toyota Hilux,d1002565,Car
v1002719,LLQ-1241,Hyundai HR,d1002097,Truck
v1002720,UTU-8620,Hyundai HR,d1002770,Truck
v1002721,LLG-0741,Renault Master,d1002653,Van
v1002722,ZWB-8016,VW Saveiro,d1002727,Car
v1002723,FDR-5440,VW Saveiro,d1002920,Car
v1002724,QMI-9248,Scania R450,d1001707,Truck
v1002725,CYA-5248,Volvo FH,d1002644,Truck
v1002726,PMA-1733,Hyundai HR,d1001872,Truck
v1002727,WPC-7909,Volvo FH,d1001632,Truck
v1002728,XRM-6916,Scania R450,d1001284,Truck
v1002729,RWR-2146,Volvo FH,d1001277,Truck
v1002730,XSY-8393,Volvo FH,d1001600,Truck
v1002731,HAO-7043,VW Saveiro,d1002643,Car
v1002732,VIR-4881,VW Delivery,d1001261,Truck
v1002733,VPZ-5636,Scania R450,d1002006,Truck
v1002734,PVT-1503,Iveco Daily,d1002525,Truck
v1002735,NSK-6518,VW Delivery,d1001270,Truck
v1002736,OHG-6998,Hyundai HR,d1002212,Truck
v1002737,BJH-0113,Toyota Hilux,d1001747,Car
v1002738,FLK-1879,Volvo FH,d1001980,Truck
v1002739,XDX-9871,Iveco Daily,d1001818,Truck
v1002740,SVU-9267,Fiat Uno,d1001419,Car
v1002741,OSK-2408,Hyundai HR,d1001938,Truck
v1002742,IYB-2729,VW Saveiro,d1002248,Car
v1002743,VYR-0256,VW Delivery,d1002480,Truck
v1002744,WZQ-8502,Hyundai HR,d1002420,Truck
v1002745,QAU-4506,Fiat Uno,d1001658,Car
v1002746,EEL-9672,Toyota Hilux,d1002559,Car
v1002747,KCF-1330,Mercedes Sprinter,d1002060,Van
v1002748,AQP-3926,Renault Master,d1001053,Van
v1002749,MTS-0996,VW Saveiro,d1002208,Car
v1002750,ERG-1716,Toyota Hilux,d1002923,Car
v1002751,SLL-8370,Volvo FH,d1001145,Truck
v1002752,ZVK-1837,VW Delivery,d1001348,Truck
v1002753,FTN-2574,Iveco Daily,d1001808,Truck
v1002754,USB-2673,Renault Master,d1001188,Van
v1002755,SHU-7884,Mercedes Sprinter,d1001974,Van
v1002756,WWX-3584,Renault Master,d1001975,Van
v1002757,RHR-7246,Mercedes Sprinter,d1001036,Van
v1002758,CKU-6042,VW Saveiro,d1001783,Car
v1002759,OBR-1506,Toyota Hilux,d1001925,Car
v1002760,MYA-1096,Hyundai HR,d1001512,Truck
v1002761,MRG-5616,Volvo FH,d1002836,Truck
v1002762,YBS-6938,Scania R450,d1001767,Truck
v1002763,URP-7430,VW Delivery,d1002122,Truck
v1002764,JMJ-5299,Fiat Uno,d1001529,Car
v1002765,UIG-7379,VW Saveiro,d1002809,Car
v1002766,QFY-3987,Renault Master,d1001124,Van
v1002767,RFN-5974,Fiat Uno,d1002942,Car
v1002768,HUZ-2339,Hyundai HR,d1002467,Truck
v1002769,LMM-1242,Hyundai HR,d1001238,Truck
v1002770,NEM-2997,Hyundai HR,d1002422,Truck
v1002771,ZXH-0586,Scania R450,d1001251,Truck
v1002772,PZF-1341,Volvo FH,d1001269,Truck
v1002773,WVU-9199,Scania R450,d1002646,Truck
v1002774,WFA-1431,Fiat Uno,d1001683,Car
v1002775,TYH-6129,Iveco Daily,d1002068,Truck
v1002776,ROC-3468,Hyundai HR,d1002940,Truck
v1002777,IEJ-3153,Fiat Uno,d1002573,Car
v1002778,QTF-6845,Scania R450,d1001937,Truck
v1002779,RID-4239,Fiat Uno,d1002255,Car
v1002780,WSC-3680,VW Saveiro,d1001963,Car
v1002781,HVA-3927,Hyundai HR,d1001261,Truck
v1002782,TIV-8494,Renault Master,d1001030,Van
v1002783,PYY-1508,Toyota Hilux,d1002621,Car
v1002784,HSV-6679,Scania R450,d1001040,Truck
v1002785,DGQ-7993,Toyota Hilux,d1002505,Car
v1002786,NBI-0997,Mercedes Sprinter,d1002126,Van
v1002787,VPD-2452,Renault Master,d1002117,Van
v1002788,NUS-3840,Renault Master,d1001008,Van
v1002789,LVU-0845,Mercedes Sprinter,d1002227,Van
v1002790,OZL-7429,VW Saveiro,d1002308,Car
v1002791,AKV-5273,Volvo FH,d1001929,Truck
v1002792,ZSZ-8482,Mercedes Sprinter,d1002056,Van
v1002793,DQJ-0012,Fiat Uno,d1002594,Car
v1002794,EAL-0472,Hyundai HR,d1002423,Truck
v1002795,DXF-1982,Iveco Daily,d1002717,Truck
v1002796,FQE-4686,Fiat Uno,d1001930,Car
v1002797,RVY-9548,Toyota Hilux,d1002780,Car
v1002798,HBE-5162,Iveco Daily,d1002765,Truck
v1002799,LPV-3198,Scania R450,d1002729,Truck
v1002800,QBU-4071,Renault Master,d1001601,Van
v1002801,AXJ-1006,Iveco Daily,d1002740,Truck
v1002802,DBI-8186,Renault Master,d1002813,Van
v1002803,NQA-4058,VW Delivery,d1001894,Truck
v1002804,QCG-9658,Hyundai HR,d1001499,Truck
v1002805,RTL-7634,Mercedes Sprinter,d1002077,Van
v1002806,NJL-3154,Volvo FH,d1001748,Truck
v1002807,SNK-6580,Iveco Daily,d1001504,Truck
v1002808,BOK-6807,Fiat Uno,d1001027,Car
v1002809,QZT-5385,Hyundai HR,d1001450,Truck
v1002810,JWI-8197,Volvo FH,d1002621,Truck
v1002811,IEP-6411,Volvo FH,d1001161,Truck
v1002812,VBS-6106,Hyundai HR,d1001748,Truck
v1002813,LNX-1009,Scania R450,d1001820,Truck
v1002814,PMF-3664,Toyota Hilux,d1002065,Car
v1002815,AST-5669,Hyundai HR,d1001803,Truck
v1002816,FSU-4580,Mercedes Sprinter,d1002872,Van
v1002817,BYC-9571,VW Saveiro,d1001341,Car
v1002818,FCY-5112,VW Delivery,d1001589,Truck
v1002819,JTA-3201,Mercedes Sprinter,d1001049,Van
v1002820,ZVC-8979,Volvo FH,d1002663,Truck
v1002821,EYK-5288,VW Saveiro,d1002471,Car
v1002822,AGK-3173,Volvo FH,d1001467,Truck
v1002823,TJW-3770,VW Saveiro,d1001664,Car
v1002824,TGS-8644,Fiat Uno,d1002792,Car
v1002825,FBD-7523,Toyota Hilux,d1001999,Car
v1002826,ZSH-0104,Toyota Hilux,d1001992,Car
v1002827,KTI-1585,Toyota Hilux,d1001521,Car
v1002828,JXM-7888,Scania R450,d1001408,Truck
v1002829,MXC-4650,Mercedes Sprinter,d1001543,Van
v1002830,JAZ-8542,Toyota Hilux,d1001861,Car
v1002831,QYG-6715,Scania R450,d1002323,Truck
v1002832,APH-3294,Scania R450,d1002133,Truck
v1002833,ROP-8318,Fiat Uno,d1002034,Car
v1002834,GKM-2253,Mercedes Sprinter,d1002878,Van
v1002835,ZFP-5280,Iveco Daily,d1001981,Truck
v1002836,JLG-3561,Iveco Daily,d1001187,Truck
v1002837,JJJ-7189,Scania R450,d1002299,Truck
v1002838,LPZ-0342,VW Delivery,d1001115,Truck
v1002839,EIL-1328,VW Saveiro,d1002448,Car
v1002840,ZNU-2415,VW Delivery,d1001134,Truck
v1002841,TXI-7026,Renault Master,d1001022,Van
v1002842,NPP-1038,Hyundai HR,d1002220,Truck
v1002843,NFF-2074,Fiat Uno,d1001527,Car
v1002844,FUV-4086,Mercedes Sprinter,d1001290,Van
v1002845,HRY-9384,Renault Master,d1001435,Van
v1002846,XLQ-1657,Scania R450,d1001138,Truck
v1002847,ECQ-1622,VW Saveiro,d1002426,Car
v1002848,LWC-6180,Fiat Uno,d1001605,Car
v1002849,BPR-7719,Mercedes Sprinter,d1002348,Van
v1002850,VMF-2422,VW Delivery,d1001451,Truck
v1002851,LCA-0319,Volvo FH,d1002485,Truck
v1002852,ISP-4909,Renault Master,d1002854,Van
v1002853,OLX-2085,Volvo FH,d1001460,Truck
v1002854,RKA-3657,Hyundai HR,d1002117,Truck
v1002855,LHZ-6032,VW Saveiro,d1001127,Car
v1002856,MDI-8644,Scania R450,d1001159,Truck
v1002857,RPA-9921,Mercedes Sprinter,d1001135,Van
v1002858,BBC-5101,Fiat Uno,d1002325,Car
v1002859,HJY-6776,Volvo FH,d1002796,Truck
v1002860,VCX-3463,Hyundai HR,d1002967,Truck
v1002861,KYW-6712,VW Delivery,d1002139,Truck
v1002862,ZOQ-5397,Mercedes Sprinter,d1002056,Van
v1002863,AUC-6073,Hyundai HR,d1001944,Truck
v1002864,ENW-8368,VW Saveiro,d1001607,Car
v1002865,VQB-6737,Toyota Hilux,d1002153,Car
v1002866,GMX-8458,Fiat Uno,d1001240,Car
v1002867,PKP-6246,Toyota Hilux,d1001852,Car
v1002868,AJT-2632,Renault Master,d1001084,Van
v1002869,XWC-0450,VW Delivery,d1001419,Truck
v1002870,MUF-3957,Toyota Hilux,d1001831,Car
v1002871,SOY-9450,Volvo FH,d1002245,Truck
v1002872,KGL-4721,Toyota Hilux,d1001133,Car
v1002873,MAQ-3243,Fiat Uno,d1001674,Car
v1002874,XVL-3593,VW Saveiro,d1002778,Car
v1002875,JMR-7759,Scania R450,d1001291,Truck
v1002876,ILL-8224,Toyota Hilux,d1001017,Car
v1002877,GNM-0461,Fiat Uno,d1001936,Car
v1002878,YNN-3055,Scania R450,d1001115,Truck
v1002879,OUO-4343,Hyundai HR,d1002658,Truck
v1002880,SUC-9454,Mercedes Sprinter,d1002357,Van
v1002881,FMJ-1961,Volvo FH,d1002803,Truck
v1002882,RBD-1018,Scania R450,d1001575,Truck
v1002883,XNU-4182,Hyundai HR,d1002745,Truck
v1002884,BRK-1479,Toyota Hilux,d1002544,Car
v1002885,YJZ-9783,VW Saveiro,d1001866,Car
v1002886,HDZ-0388,Iveco Daily,d1001620,Truck
v1002887,ZJC-8542,Renault Master,d1002893,Van
v1002888,FYQ-9907,Mercedes Sprinter,d1002781,Van
v1002889,ECV-8281,VW Saveiro,d1001183,Car
v1002890,VKX-4566,VW Delivery,d1001419,Truck
v1002891,EDL-6556,Volvo FH,d1001331,Truck
v1002892,WKK-7444,Iveco Daily,d1002869,Truck
v1002893,YNI-4700,Renault Master,d1001734,Van
v1002894,DKS-1056,Scania R450,d1001003,Truck
v1002895,FYV-3515,Iveco Daily,d1001010,Truck
v1002896,CFA-3654,VW Saveiro,d1002620,Car
v1002897,WPM-1420,VW Saveiro,d1001307,Car
v1002898,QNW-9363,Volvo FH,d1001729,Truck
v1002899,ZJI-9553,Toyota Hilux,d1002624,Car
v1002900,TIU-4508,Toyota Hilux,d1001453,Car
v1002901,WRA-2207,Hyundai HR,d1002297,Truck
v1002902,TNJ-2932,Hyundai HR,d1002505,Truck
v1002903,ZJB-8554,Hyundai HR,d1002779,Truck
v1002904,SRH-1738,Mercedes Sprinter,d1001322,Van
v1002905,YHH-2675,Iveco Daily,d1001399,Truck
v1002906,JUC-6252,VW Delivery,d1001258,Truck
v1002907,QZY-2158,Iveco Daily,d1002791,Truck
v1002908,XFD-4833,Scania R450,d1002378,Truck
v1002909,JAZ-6405,Toyota Hilux,d1002026,Car
v1002910,FMX-9373,Scania R450,d1001769,Truck
v1002911,PXV-1638,Volvo FH,d1002393,Truck
v1002912,IHT-5676,Toyota Hilux,d1002752,Car
v1002913,YJE-1003,Renault Master,d1001294,Van
v1002914,BLJ-9853,Renault Master,d1002238,Van
v1002915,CNE-5765,Toyota Hilux,d1001414,Car
v1002916,DIG-1596,VW Delivery,d1002672,Truck
v1002917,DQK-5185,Renault Master,d1001048,Van
v1002918,GTZ-9444,Iveco Daily,d1002661,Truck
v1002919,LEO-1464,Scania R450,d1002843,Truck
v1002920,JLD-0213,Fiat Uno,d1001906,Car
v1002921,VBS-1137,VW Delivery,d1002004,Truck
v1002922,SFZ-0166,VW Saveiro,d1001750,Car
v1002923,JMR-3446,Fiat Uno,d1001967,Car
v1002924,TTF-8812,Volvo FH,d1002610,Truck
v1002925,JEH-2149,Volvo FH,d1001702,Truck
v1002926,IBH-2901,Mercedes Sprinter,d1001942,Van
v1002927,XNM-1713,Mercedes Sprinter,d1002936,Van
v1002928,UPB-9065,Mercedes Sprinter,d1002892,Van
v1002929,RSP-3556,Hyundai HR,d1001431,Truck
v1002930,NJN-2819,Iveco Daily,d1001179,Truck
v1002931,KMV-8554,Scania R450,d1001890,Truck
v1002932,YXL-6128,Renault Master,d1001467,Van
v1002933,HCX-6145,Scania R450,d1002282,Truck
v1002934,NBL-2102,VW Delivery,d1002232,Truck
v1002935,TVY-3419,Fiat Uno,d1001997,Car
v1002936,BOG-3726,Fiat Uno,d1002617,Car
v1002937,JVY-3319,VW Saveiro,d1002746,Car
v1002938,DMN-7167,Renault Master,d1002814,Van
v1002939,KVI-5353,Volvo FH,d1001626,Truck
v1002940,RJC-2072,Renault Master,d1001399,Van
v1002941,RFV-6208,Iveco Daily,d1002274,Truck
v1002942,TNU-2894,Renault Master,d1001791,Van
v1002943,DIO-1124,Volvo FH,d1002012,Truck
v1002944,BFY-1513,VW Delivery,d1002647,Truck
v1002945,ZRW-0956,Toyota Hilux,d1002855,Car
v1002946,AXC-2852,Renault Master,d1002611,Van
v1002947,PSB-3441,Volvo FH,d1001751,Truck
v1002948,HVT-1938,Scania R450,d1002026,Truck
v1002949,FXT-0542,Fiat Uno,d1002074,Car
v1002950,GWG-0397,VW Delivery,d1001221,Truck
v1002951,XDE-0646,VW Delivery,d1001589,Truck
v1002952,NDT-2605,Mercedes Sprinter,d1001200,Van
v1002953,MXI-9841,Volvo FH,d1001573,Truck
v1002954,VCJ-6760,VW Delivery,d1002969,Truck
v1002955,WPT-6685,Iveco Daily,d1001924,Truck
v1002956,FFD-8620,Volvo FH,d1002940,Truck
v1002957,DPY-2524,VW Saveiro,d1002289,Car
v1002958,RMX-4463,Renault Master,d1001799,Van
v1002959,AFT-6051,Mercedes Sprinter,d1001807,Van
v1002960,DHI-5449,VW Delivery,d1002833,Truck
v1002961,XFI-4007,Fiat Uno,d1001071,Car
v1002962,CVJ-4265,Mercedes Sprinter,d1001654,Van
v1002963,FMW-7431,Scania R450,d1001284,Truck
v1002964,TPH-7389,Toyota Hilux,d1001285,Car
v1002965,JDP-8858,Iveco Daily,d1001932,Truck
v1002966,IXI-8737,Fiat Uno,d1002710,Car
v1002967,KAY-1778,Scania R450,d1002369,Truck
v1002968,HCG-0368,Hyundai HR,d1002487,Truck
v1002969,TKN-4176,Toyota Hilux,d1001523,Car
v1002970,LPQ-0308,Scania R450,d1002933,Truck
v1002971,VEE-6886,Fiat Uno,d1001386,Car
v1002972,THP-7181,Fiat Uno,d1001163,Car
v1002973,HVZ-7022,VW Saveiro,d1001474,Car
v1002974,HRR-6660,Renault Master,d1001119,Van
v1002975,DCH-2520,VW Saveiro,d1002621,Car
v1002976,TNU-6656,Mercedes Sprinter,d1002321,Van
v1002977,HZQ-0676,Mercedes Sprinter,d1002207,Van
v1002978,ARG-5856,VW Delivery,d1002111,Truck
v1002979,OYL-2996,Toyota Hilux,d1001121,Car
v1002980,ZJP-8197,VW Delivery,d1002519,Truck
v1002981,ETT-2090,Renault Master,d1002469,Van
v1002982,KQC-2495,Renault Master,d1002156,Van
v1002983,YAS-0488,Volvo FH,d1001556,Truck
v1002984,OPO-6473,Fiat Uno,d1001585,Car
v1002985,QNU-8681,Renault Master,d1001603,Van
v1002986,LWJ-4991,Fiat Uno,d1001209,Car
v1002987,KVR-5517,Renault Master,d1001507,Van
v1002988,QDI-4955,Renault Master,d1001671,Van
v1002989,HXR-1380,Mercedes Sprinter,d1002410,Van
v1002990,SSU-6708,Renault Master,d1001998,Van
v1002991,IOL-4759,Renault Master,d1001132,Van
v1002992,DMR-6386,Toyota Hilux,d1002216,Car
v1002993,XRI-3274,VW Delivery,d1001128,Truck
v1002994,AVQ-8527,Volvo FH,d1001675,Truck
v1002995,SWE-5802,Volvo FH,d1002250,Truck
v1002996,LYM-9332,Iveco Daily,d1002913,Truck
v1002997,FBW-0644,Fiat Uno,d1002479,Car
v1002998,FKE-6482,Mercedes Sprinter,d1001209,Van
v1002999,TYN-5167,VW Saveiro,d1002463,Car
v1003000,NPR-1246,Fiat Uno,d1002758,Car
